encounter,patient,date,age,gender,ALT,Calcium,Carbon Dioxide,Chloride,Erythrocytes,Ferritin,Glucose,HbA1c,Hematocrit,Hemoglobin,Leukocytes,MCV,Platelets,Potassium,Sodium,TSH,Urea Nitrogen,abnormal_count,has_abnormal
00bcbfc6-c7b9-bd0e-0fe2-db4de2617b51,00bcbfc6-c7b9-bd0e-3d95-071f9fba6321,2020-05-26T01:16:49Z,39,F,,8.8,22.3,110.2,,,96.7,5.9,,,,,,4.4,136.9,,11.1,3,1
00bcbfc6-c7b9-bd0e-1c1e-c72a7208dbd4,00bcbfc6-c7b9-bd0e-3d95-071f9fba6321,2018-05-15T01:16:49Z,37,F,,8.5,21.7,105.6,,,82.8,6.2,,,,,,4.2,136.7,,17.4,2,1
00bcbfc6-c7b9-bd0e-2ca3-dc72c56e2fcc,00bcbfc6-c7b9-bd0e-3d95-071f9fba6321,2025-06-24T01:16:49Z,44,F,,8.9,26.5,103.4,,,68.8,6.1,,,,,,3.8,138.9,,15.3,2,1
00bcbfc6-c7b9-bd0e-6913-8eaabfdacaa6,00bcbfc6-c7b9-bd0e-3d95-071f9fba6321,2023-06-13T01:16:49Z,42,F,,9.7,21.6,107.6,,,94.0,6.2,,,,,,4.4,139.9,,8.6,3,1
00bcbfc6-c7b9-bd0e-8123-84ca497122bf,00bcbfc6-c7b9-bd0e-3d95-071f9fba6321,2019-05-21T01:16:49Z,38,F,,9.0,25.4,104.3,5.1,,75.2,5.9,36.3,12.6,9.4,86.3,435.8,4.6,137.9,,8.9,3,1
00bcbfc6-c7b9-bd0e-8348-0d1533af3cc7,00bcbfc6-c7b9-bd0e-3d95-071f9fba6321,2021-06-01T01:16:49Z,40,F,,10.1,25.8,101.2,,,69.7,6.0,,,,,,4.4,144.0,,14.0,2,1
00bcbfc6-c7b9-bd0e-91c8-b5051310a011,00bcbfc6-c7b9-bd0e-3d95-071f9fba6321,2020-10-27T01:16:49Z,39,F,,8.5,24.6,104.4,,,97.3,6.0,,,,,,3.7,143.8,,19.5,1,1
00bcbfc6-c7b9-bd0e-9492-f3f5df2feff3,00bcbfc6-c7b9-bd0e-3d95-071f9fba6321,2017-05-09T01:16:49Z,36,F,,9.3,20.4,108.8,,,91.2,6.3,,,,,,4.7,139.3,,13.8,3,1
00bcbfc6-c7b9-bd0e-99de-ba933408d2b0,00bcbfc6-c7b9-bd0e-3d95-071f9fba6321,2018-03-27T01:16:49Z,37,F,,9.5,23.8,108.7,,,88.9,6.1,,,,,,4.4,139.4,,14.8,2,1
00bcbfc6-c7b9-bd0e-c14c-b2f26d70771b,00bcbfc6-c7b9-bd0e-3d95-071f9fba6321,2022-06-07T01:16:49Z,41,F,,8.7,28.1,107.8,,,84.4,5.9,,,,,,4.7,136.4,,12.2,2,1
00bcbfc6-c7b9-bd0e-cc12-fd233979708a,00bcbfc6-c7b9-bd0e-3d95-071f9fba6321,2026-06-30T01:16:49Z,45,F,,9.2,28.9,104.8,,,69.9,6.3,,,,,,4.9,143.6,,11.8,2,1
00bcbfc6-c7b9-bd0e-f7ab-56a70d17135b,00bcbfc6-c7b9-bd0e-3d95-071f9fba6321,2024-06-18T01:16:49Z,43,F,,9.2,24.8,101.9,4.3,,68.7,6.2,42.0,14.0,3.9,82.6,242.2,5.2,137.3,,12.1,4,1
029c95e2-d252-d8d3-0375-0f4e0e0454d7,029c95e2-d252-d8d3-3626-7f347182d6d7,2021-03-24T16:49:02Z,49,F,,9.3,26.6,103.4,,,83.5,6.1,,,,,,4.7,138.5,,9.3,1,1
029c95e2-d252-d8d3-0c9e-f3e260c23109,029c95e2-d252-d8d3-3626-7f347182d6d7,2022-03-30T16:49:02Z,50,F,,9.8,23.4,104.5,,,67.9,6.0,,,,,,4.3,139.6,,16.2,2,1
029c95e2-d252-d8d3-144c-7701bcef10d7,029c95e2-d252-d8d3-3626-7f347182d6d7,2024-04-10T16:49:02Z,52,F,,10.1,21.6,102.1,,,87.8,6.1,,,,,,5.1,136.0,,18.8,3,1
029c95e2-d252-d8d3-4244-928d0b83f368,029c95e2-d252-d8d3-3626-7f347182d6d7,2023-04-05T16:49:02Z,51,F,,9.2,24.1,108.8,4.1,,85.0,6.4,46.0,12.9,9.1,93.2,368.9,4.0,138.5,,14.7,2,1
029c95e2-d252-d8d3-6751-1baf80492b3a,029c95e2-d252-d8d3-3626-7f347182d6d7,2025-04-16T16:49:02Z,53,F,,9.3,25.1,104.7,,,96.0,5.9,,,,,,4.3,142.8,,12.9,1,1
029c95e2-d252-d8d3-94ad-3388053bf3b4,029c95e2-d252-d8d3-3626-7f347182d6d7,2026-04-22T16:49:02Z,54,F,,8.9,27.9,105.4,,,71.2,5.8,,,,,,4.0,141.3,,16.4,1,1
029c95e2-d252-d8d3-9581-d543de5842e3,029c95e2-d252-d8d3-3626-7f347182d6d7,2017-03-01T16:49:02Z,45,F,,9.1,20.6,109.0,,,78.3,6.1,,,,,,4.4,142.5,,19.7,3,1
029c95e2-d252-d8d3-a1a7-9788a0d941ba,029c95e2-d252-d8d3-3626-7f347182d6d7,2016-10-05T16:49:02Z,44,F,,8.9,24.3,105.8,,,75.3,6.3,,,,,,5.1,137.4,,18.8,2,1
029c95e2-d252-d8d3-afe9-2e2b243fcaec,029c95e2-d252-d8d3-3626-7f347182d6d7,2019-03-13T16:49:02Z,47,F,,8.8,22.0,110.3,,,74.4,5.8,,,,,,4.8,136.9,,9.0,3,1
029c95e2-d252-d8d3-dc44-e219c71e0fa9,029c95e2-d252-d8d3-3626-7f347182d6d7,2018-03-07T16:49:02Z,46,F,,9.9,25.6,107.5,5.1,,93.7,5.9,47.6,16.8,6.3,92.3,355.1,4.5,139.6,,15.0,4,1
029c95e2-d252-d8d3-fa2d-3964f9bf06de,029c95e2-d252-d8d3-3626-7f347182d6d7,2020-03-18T16:49:02Z,48,F,,9.3,26.3,101.9,,,88.8,5.9,,,,,,4.4,137.2,,12.8,1,1
031ce8e2-1443-01b4-7cce-ef199e39a749,031ce8e2-1443-01b4-de6b-61a4084a7166,2014-04-03T15:44:09Z,33,M,,,,,4.1,,,,38.2,12.1,9.7,80.2,211.6,,,,,3,1
031ce8e2-1443-01b4-812b-a052d2a1e706,031ce8e2-1443-01b4-de6b-61a4084a7166,2009-03-19T15:44:09Z,28,M,,,,,5.1,,,,40.0,13.8,5.1,91.6,303.7,,,,,1,1
06476266-59b1-ded7-1632-5a8222cbdbf9,06476266-59b1-ded7-4138-3c7543fd4981,2019-02-19T13:57:29Z,40,M,,,,,5.4,,,,38.4,15.4,9.7,84.8,180.3,,,,,1,1
06476266-59b1-ded7-3117-200c77824bce,06476266-59b1-ded7-4138-3c7543fd4981,2024-03-19T13:57:29Z,45,M,,,,,5.2,,,,43.2,12.9,10.1,91.5,259.0,,,,,1,1
0b786670-17af-32e1-0069-52a1fb4c3940,0b786670-17af-32e1-b2d2-f77c33874b30,2019-11-12T23:29:08Z,55,M,,9.5,27.7,108.0,,,75.7,,,,,,,4.8,139.6,,14.3,1,1
0b786670-17af-32e1-0108-840e0f611f04,0b786670-17af-32e1-b2d2-f77c33874b30,2017-01-24T23:29:08Z,53,M,,9.3,23.4,108.9,,,73.9,,,,,,,4.2,141.5,,18.6,1,1
0b786670-17af-32e1-04ef-abfe34d8307e,0b786670-17af-32e1-b2d2-f77c33874b30,2019-11-19T23:29:08Z,55,M,,9.1,28.0,108.9,,,64.3,,,,,,,4.9,141.5,,7.1,2,1
0b786670-17af-32e1-2ce4-909ecd327224,0b786670-17af-32e1-b2d2-f77c33874b30,2020-02-11T23:29:08Z,56,M,,9.6,26.9,110.1,,,73.3,,,,,,,5.0,136.5,,17.7,1,1
0b786670-17af-32e1-313c-8fc4916558a0,0b786670-17af-32e1-b2d2-f77c33874b30,2022-09-06T23:29:08Z,58,M,,8.7,23.6,104.8,,,79.5,,,,,,,4.4,138.3,,17.4,0,0
0b786670-17af-32e1-3d35-fc3d5b8848d2,0b786670-17af-32e1-b2d2-f77c33874b30,2017-02-21T23:29:08Z,53,M,,10.0,23.9,110.8,,,95.6,,,,,,,5.0,139.6,,16.4,1,1
0b786670-17af-32e1-42a0-71cb03c8174b,0b786670-17af-32e1-b2d2-f77c33874b30,2023-02-28T23:29:08Z,59,M,,8.6,23.6,103.8,3.9,,98.9,,40.2,17.3,8.9,80.3,280.5,4.4,136.9,,13.8,3,1
0b786670-17af-32e1-456d-1c265773d88d,0b786670-17af-32e1-b2d2-f77c33874b30,2014-11-04T23:29:08Z,50,M,,9.1,22.1,106.1,,,97.2,,,,,,,4.3,137.7,,15.6,2,1
0b786670-17af-32e1-52a0-12a811c988ef,0b786670-17af-32e1-b2d2-f77c33874b30,2022-08-23T23:29:08Z,58,M,,8.6,23.3,104.6,,,84.7,,,,,,,4.8,140.7,,11.8,0,0
0b786670-17af-32e1-557a-6fed403134e8,0b786670-17af-32e1-b2d2-f77c33874b30,2022-02-22T23:29:08Z,58,M,,9.9,27.8,106.1,,,78.6,,,,,,,4.6,137.8,,9.2,1,1
0b786670-17af-32e1-566a-4cf0c3fd0f69,0b786670-17af-32e1-b2d2-f77c33874b30,2019-12-03T23:29:08Z,55,M,,10.0,25.5,110.9,,,68.1,,,,,,,3.9,141.8,,18.2,2,1
0b786670-17af-32e1-5780-6f8edda5f9ec,0b786670-17af-32e1-b2d2-f77c33874b30,2022-08-09T23:29:08Z,58,M,,9.1,24.7,104.8,,,78.4,,,,,,,5.1,143.2,,16.5,1,1
0b786670-17af-32e1-5ae7-5c0807ba53ae,0b786670-17af-32e1-b2d2-f77c33874b30,2019-11-05T23:29:08Z,55,M,,8.9,23.0,102.6,,,87.7,,,,,,,3.9,143.9,,9.7,0,0
0b786670-17af-32e1-670d-a28cd1fde675,0b786670-17af-32e1-b2d2-f77c33874b30,2015-01-13T23:29:08Z,51,M,,9.2,21.8,110.5,,,73.7,,,,,,,5.1,142.5,,19.6,3,1
0b786670-17af-32e1-72bd-bfa2b8b20581,0b786670-17af-32e1-b2d2-f77c33874b30,2022-08-16T23:29:08Z,58,M,,9.8,24.2,106.5,,,76.8,,,,,,,4.8,140.1,,9.5,1,1
0b786670-17af-32e1-750e-50f00d8dbd79,0b786670-17af-32e1-b2d2-f77c33874b30,2018-01-30T23:29:08Z,54,M,,9.0,25.0,102.7,4.5,,83.3,,45.7,13.8,5.4,80.7,247.4,5.1,137.1,,15.0,1,1
0b786670-17af-32e1-7533-1a8309c18d54,0b786670-17af-32e1-b2d2-f77c33874b30,2014-09-30T23:29:08Z,50,M,,9.3,21.3,109.6,,,80.8,,,,,,,3.7,140.1,,12.0,2,1
0b786670-17af-32e1-789e-1446a262c9cd,0b786670-17af-32e1-b2d2-f77c33874b30,2016-01-19T23:29:08Z,52,M,,9.2,24.9,102.5,,,67.0,,,,,,,4.4,136.5,,14.6,1,1
0b786670-17af-32e1-80be-3703a7fff34d,0b786670-17af-32e1-b2d2-f77c33874b30,2019-12-24T23:29:08Z,55,M,,9.0,28.7,101.1,,,66.1,,,,,,,4.5,141.0,,17.7,1,1
0b786670-17af-32e1-8319-59c6da29051b,0b786670-17af-32e1-b2d2-f77c33874b30,2022-10-04T23:29:08Z,58,M,,9.2,21.4,105.0,,,71.2,,,,,,,4.3,136.3,,17.6,1,1
0b786670-17af-32e1-8df1-37879646d6ad,0b786670-17af-32e1-b2d2-f77c33874b30,2022-10-11T23:29:08Z,58,M,,8.7,21.0,109.6,,,76.8,,,,,,,3.9,142.0,,13.2,2,1
0b786670-17af-32e1-9327-8bf1c1f8a45f,0b786670-17af-32e1-b2d2-f77c33874b30,2019-12-10T23:29:08Z,55,M,,9.8,28.0,104.3,,,78.5,,,,,,,4.4,143.7,,8.2,0,0
0b786670-17af-32e1-9d66-dbc74dc05706,0b786670-17af-32e1-b2d2-f77c33874b30,2015-01-06T23:29:08Z,51,M,,8.5,23.1,109.2,,,77.2,,,,,,,4.7,141.0,,8.1,1,1
0b786670-17af-32e1-9fcc-352689de3f3a,0b786670-17af-32e1-b2d2-f77c33874b30,2013-09-10T23:29:08Z,49,M,,8.7,27.6,104.5,,,90.2,,,,,,,3.8,142.5,,11.8,0,0
0b786670-17af-32e1-a161-d5b0138efb4f,0b786670-17af-32e1-b2d2-f77c33874b30,2014-01-07T23:29:08Z,50,M,,8.6,25.8,103.6,,,96.6,,,,,,,4.1,137.3,,12.6,0,0
0b786670-17af-32e1-a60b-d7c53abdbaff,0b786670-17af-32e1-b2d2-f77c33874b30,2021-02-16T23:29:08Z,57,M,,9.2,22.0,106.8,,,95.3,,,,,,,4.6,136.7,,18.0,2,1
0b786670-17af-32e1-b132-1f27ce61d032,0b786670-17af-32e1-b2d2-f77c33874b30,2014-10-07T23:29:08Z,50,M,,10.0,26.2,105.7,,,75.2,,,,,,,3.9,141.3,,16.2,0,0
0b786670-17af-32e1-b218-96844030f267,0b786670-17af-32e1-b2d2-f77c33874b30,2019-09-10T23:29:08Z,55,M,,10.1,25.6,108.7,,,94.8,,,,,,,4.3,143.2,,10.3,1,1
0b786670-17af-32e1-b22e-ff12d69ce5cb,0b786670-17af-32e1-b2d2-f77c33874b30,2018-02-27T23:29:08Z,54,M,,9.0,21.3,105.7,,,80.7,,,,,,,4.9,142.3,,19.7,1,1
0b786670-17af-32e1-b657-a2fe31e21a3f,0b786670-17af-32e1-b2d2-f77c33874b30,2018-03-20T23:29:08Z,54,M,,9.7,25.9,110.4,,,84.4,,,,,,,4.9,140.8,,9.2,1,1
0b786670-17af-32e1-c152-bdf03ce2f4f4,0b786670-17af-32e1-b2d2-f77c33874b30,2019-02-05T23:29:08Z,55,M,,9.1,22.3,101.9,,,68.8,,,,,,,4.6,139.7,,7.9,2,1
0b786670-17af-32e1-dee6-43b80e034eb6,0b786670-17af-32e1-b2d2-f77c33874b30,2017-03-28T23:29:08Z,53,M,,10.0,23.2,107.6,,,76.6,,,,,,,4.1,138.8,,16.0,1,1
0b786670-17af-32e1-ed93-6c3ac2c1f927,0b786670-17af-32e1-b2d2-f77c33874b30,2020-10-06T23:29:08Z,56,M,,9.9,22.6,102.3,,,74.3,,,,,,,3.9,142.7,,17.5,1,1
0b786670-17af-32e1-fbd0-d55ec68717cc,0b786670-17af-32e1-b2d2-f77c33874b30,2022-08-30T23:29:08Z,58,M,,10.2,25.2,104.1,,,88.8,,,,,,,4.3,142.1,,13.0,0,0
0b786670-17af-32e1-fe09-03b77b7e36dc,0b786670-17af-32e1-b2d2-f77c33874b30,2019-12-17T23:29:08Z,55,M,,8.6,28.4,101.8,,,78.8,,,,,,,3.8,136.7,,9.8,0,0
0b786670-17af-32e1-fecb-8a818d0ac2e1,0b786670-17af-32e1-b2d2-f77c33874b30,2019-11-26T23:29:08Z,55,M,,8.8,22.4,105.9,,,72.2,,,,,,,4.9,139.9,,12.8,1,1
0f3d04a2-f42e-1429-2586-5f6911a25a3c,0f3d04a2-f42e-1429-acef-0becd0a0fcea,2022-12-15T20:44:21Z,92,M,,9.7,23.2,102.9,,,79.3,6.0,,,,,,4.0,139.4,,8.3,1,1
0f3d04a2-f42e-1429-292b-89f90a821e07,0f3d04a2-f42e-1429-acef-0becd0a0fcea,2017-06-01T20:44:21Z,87,M,,8.7,21.8,107.1,,,82.0,6.3,,,,,,3.8,143.6,,14.8,3,1
0f3d04a2-f42e-1429-332f-b5a1f3aebcf4,0f3d04a2-f42e-1429-acef-0becd0a0fcea,2025-07-17T20:44:21Z,95,M,,10.0,27.2,101.7,,,68.6,6.4,,,,,,4.2,137.1,,12.9,2,1
0f3d04a2-f42e-1429-4052-0167a6847976,0f3d04a2-f42e-1429-acef-0becd0a0fcea,2021-06-24T20:44:21Z,91,M,,9.7,22.2,102.5,,,68.8,6.2,,,,,,3.9,140.3,,16.8,3,1
0f3d04a2-f42e-1429-4f39-635f8ba35671,0f3d04a2-f42e-1429-acef-0becd0a0fcea,2022-06-30T20:44:21Z,92,M,,10.1,26.0,107.5,,,80.9,5.9,,,,,,4.5,140.2,,15.1,2,1
0f3d04a2-f42e-1429-65a6-dc98ef79856e,0f3d04a2-f42e-1429-acef-0becd0a0fcea,2018-06-07T20:44:21Z,88,M,,9.4,25.6,108.4,4.2,,64.6,6.3,39.5,12.5,7.1,83.2,394.8,4.7,139.1,,8.0,6,1
0f3d04a2-f42e-1429-77ca-b89f4eab38dd,0f3d04a2-f42e-1429-acef-0becd0a0fcea,2019-06-13T20:44:21Z,89,M,,9.5,22.7,107.4,,,90.9,6.3,,,,,,5.0,140.6,,12.5,3,1
0f3d04a2-f42e-1429-846e-5505bf97fc80,0f3d04a2-f42e-1429-acef-0becd0a0fcea,2020-06-18T20:44:21Z,90,M,,9.9,25.8,108.4,,,70.1,6.3,,,,,,4.6,139.9,,15.7,2,1
0f3d04a2-f42e-1429-9b26-a0d6fd431831,0f3d04a2-f42e-1429-acef-0becd0a0fcea,2023-12-21T20:44:21Z,93,M,,,,,,,,6.1,,,,,,,,,,1,1
0f3d04a2-f42e-1429-a8d7-a034ddadbbf8,0f3d04a2-f42e-1429-acef-0becd0a0fcea,2023-12-14T20:44:21Z,93,M,,9.7,24.0,107.0,,,89.0,6.0,,,,,,4.2,137.4,,12.3,2,1
0f3d04a2-f42e-1429-bacc-1462084e2ddc,0f3d04a2-f42e-1429-acef-0becd0a0fcea,2026-07-23T20:44:21Z,96,M,,9.0,27.6,110.4,,,70.4,5.9,,,,,,4.1,136.2,,13.9,2,1
0f3d04a2-f42e-1429-cacf-0e03da4af7e1,0f3d04a2-f42e-1429-acef-0becd0a0fcea,2026-01-15T20:44:21Z,96,M,,9.3,24.9,109.4,,,75.5,6.0,,,,,,3.7,138.4,,13.3,2,1
0f3d04a2-f42e-1429-d104-a4b4e8b94a70,0f3d04a2-f42e-1429-acef-0becd0a0fcea,2023-07-06T20:44:21Z,93,M,,8.7,20.2,101.1,4.2,,97.4,5.8,36.7,13.4,4.4,81.0,231.6,4.8,143.1,,17.7,5,1
0f3d04a2-f42e-1429-da0c-199c2bc14869,0f3d04a2-f42e-1429-acef-0becd0a0fcea,2024-07-11T20:44:21Z,94,M,,8.9,28.8,101.7,,,83.3,6.1,,,,,,5.0,138.2,,7.3,1,1
1426480f-ccc7-2393-068e-54c212a08bc3,1426480f-ccc7-2393-40bd-f92ccf2b74b2,2023-03-27T05:58:50Z,62,M,,,,,4.6,,,,40.0,16.0,5.1,85.7,322.2,,,,,1,1
1426480f-ccc7-2393-d287-fad18b41007d,1426480f-ccc7-2393-40bd-f92ccf2b74b2,2018-02-26T05:58:50Z,57,M,,,,,3.9,,,,39.4,14.1,8.1,84.2,312.3,,,,,2,1
1be83f06-48ef-7bac-53b2-6c500b11b534,1be83f06-48ef-7bac-7097-b9e0644aeaf8,2025-06-03T13:57:29Z,46,M,,9.1,24.2,106.5,,,93.5,7.6,,,,,,4.1,137.0,,16.1,2,1
1be83f06-48ef-7bac-57fc-3e3927b09ccd,1be83f06-48ef-7bac-7097-b9e0644aeaf8,2022-05-17T13:57:29Z,43,M,,9.2,21.3,109.2,,,68.7,5.8,,,,,,5.1,140.4,,8.7,5,1
1be83f06-48ef-7bac-ace1-bf22327cab4e,1be83f06-48ef-7bac-7097-b9e0644aeaf8,2024-05-28T13:57:29Z,45,M,,9.5,24.3,106.3,,,98.0,6.1,,,,,,4.4,141.2,,19.0,2,1
1be83f06-48ef-7bac-c2cc-37d84abf66d3,1be83f06-48ef-7bac-7097-b9e0644aeaf8,2021-05-11T13:57:29Z,42,M,,9.1,26.7,106.8,5.4,,84.8,6.4,38.6,17.1,8.1,85.9,326.8,5.2,139.9,,14.8,4,1
1be83f06-48ef-7bac-cf5e-86efacc237ad,1be83f06-48ef-7bac-7097-b9e0644aeaf8,2023-06-06T13:57:29Z,44,M,,,,,4.4,,,,,10.8,8.4,91.0,225.9,,,,,1,1
1be83f06-48ef-7bac-d7c2-918ba4dfac8c,1be83f06-48ef-7bac-7097-b9e0644aeaf8,2023-05-23T13:57:29Z,44,M,,9.9,27.6,102.8,,,89.0,5.9,,,,,,4.3,141.8,,16.1,1,1
1be83f06-48ef-7bac-f22d-e92fce73ce1a,1be83f06-48ef-7bac-7097-b9e0644aeaf8,2023-06-20T13:57:29Z,44,M,,10.2,23.5,106.3,,,89.2,5.9,,,,,,4.4,143.3,,11.6,2,1
1d63466e-0cfd-eb12-06e5-414cc6c0a273,1d63466e-0cfd-eb12-77aa-d153393355e5,2024-01-30T11:58:03Z,70,M,55.8,10.0,25.8,102.0,,,67.4,,,,,,,4.8,140.7,,9.8,1,1
1d63466e-0cfd-eb12-299b-67e25538a06e,1d63466e-0cfd-eb12-77aa-d153393355e5,2026-02-10T11:58:03Z,72,M,47.3,9.5,23.0,107.9,,,66.0,,,,,,,4.8,137.1,,16.0,2,1
1d63466e-0cfd-eb12-304b-48a2dfd5accf,1d63466e-0cfd-eb12-77aa-d153393355e5,2023-01-18T11:58:03Z,69,M,52.6,9.5,28.5,105.4,,,92.8,,,,,,,4.0,142.7,,7.8,0,0
1d63466e-0cfd-eb12-3f42-76b478c00540,1d63466e-0cfd-eb12-77aa-d153393355e5,2025-01-29T11:58:03Z,71,M,20.3,9.0,26.0,107.8,,,64.6,,,,,,,3.9,141.3,,14.6,2,1
1d63466e-0cfd-eb12-6899-7b247a84c02e,1d63466e-0cfd-eb12-77aa-d153393355e5,2022-01-11T11:58:03Z,68,M,,,,,4.5,,,,48.6,17.1,9.5,89.3,308.3,,,,,0,0
1d63466e-0cfd-eb12-7735-22bb20e36bb6,1d63466e-0cfd-eb12-77aa-d153393355e5,2018-12-26T11:58:03Z,64,M,23.2,9.7,27.6,108.5,,,69.6,,,,,,,4.7,138.9,,13.8,2,1
1d63466e-0cfd-eb12-90a4-e5619c1e38f6,1d63466e-0cfd-eb12-77aa-d153393355e5,2022-01-18T11:58:03Z,68,M,57.4,8.8,26.8,104.0,,,91.8,,,,,,,4.7,141.6,,19.1,1,1
1d63466e-0cfd-eb12-9912-dfe95e92dff1,1d63466e-0cfd-eb12-77aa-d153393355e5,2016-12-13T11:58:03Z,62,M,,,,,3.9,,,,43.8,14.6,9.6,89.9,440.7,,,,,1,1
1d63466e-0cfd-eb12-a6bf-3fc00f5b700c,1d63466e-0cfd-eb12-77aa-d153393355e5,2023-11-02T12:14:54Z,69,M,21.8,8.6,23.9,108.0,4.9,,71.5,5.6,45.7,13.8,3.1,91.2,126.4,3.8,140.3,,13.7,3,1
1d63466e-0cfd-eb12-bd78-0fe004653b22,1d63466e-0cfd-eb12-77aa-d153393355e5,2021-01-06T11:58:03Z,67,M,49.1,9.7,27.5,104.3,,,83.9,,,,,,,4.8,139.0,,15.1,0,0
1d63466e-0cfd-eb12-e47f-5de60e437176,1d63466e-0cfd-eb12-77aa-d153393355e5,2016-12-14T11:58:03Z,62,M,30.6,8.9,24.1,110.4,,,96.1,,,,,,,4.8,142.2,,7.9,1,1
1d63466e-0cfd-eb12-f951-153397413067,1d63466e-0cfd-eb12-77aa-d153393355e5,2017-12-26T11:58:03Z,63,M,59.4,9.1,25.3,107.4,,,75.2,,,,,,,5.1,141.0,,13.4,3,1
1d63466e-0cfd-eb12-fc3e-dbdac058d902,1d63466e-0cfd-eb12-77aa-d153393355e5,2020-01-07T11:58:03Z,66,M,57.8,10.2,20.2,107.6,,,67.5,,,,,,,3.8,139.8,,19.4,4,1
2211f478-b7b4-7711-0e1c-edf30feb952b,2211f478-b7b4-7711-16cf-84ffb52b9d2b,2015-02-09T07:51:22Z,31,F,,9.0,22.3,104.6,,,98.3,,,,,,,4.9,136.3,,19.8,1,1
2211f478-b7b4-7711-2063-bd8974846363,2211f478-b7b4-7711-16cf-84ffb52b9d2b,2015-08-24T07:51:22Z,31,F,,9.9,20.6,108.7,,,65.3,,,,,,,5.0,139.7,,16.5,3,1
2211f478-b7b4-7711-4129-6932f2d0b918,2211f478-b7b4-7711-16cf-84ffb52b9d2b,2011-01-17T07:51:22Z,27,F,,9.6,28.5,101.1,4.5,,91.0,6.4,35.1,16.7,9.5,89.6,377.6,4.6,137.5,,19.7,3,1
2211f478-b7b4-7711-4729-3c3ea1094040,2211f478-b7b4-7711-16cf-84ffb52b9d2b,2014-02-03T07:51:22Z,30,F,,9.1,24.7,109.8,,,87.5,6.4,,,,,,4.9,139.3,,9.1,2,1
2211f478-b7b4-7711-6f8a-677b40c8851a,2211f478-b7b4-7711-16cf-84ffb52b9d2b,2010-01-11T07:51:22Z,26,F,,8.6,25.7,108.4,,,69.9,6.4,,,,,,3.7,141.7,,7.2,3,1
2211f478-b7b4-7711-7173-adf041057e94,2211f478-b7b4-7711-16cf-84ffb52b9d2b,2014-07-28T07:51:22Z,30,F,,9.7,22.6,109.9,,,76.1,,,,,,,4.9,136.9,,16.1,2,1
2211f478-b7b4-7711-7465-b3111af6bf18,2211f478-b7b4-7711-16cf-84ffb52b9d2b,2014-12-29T07:51:22Z,30,F,,9.0,28.1,101.7,,,88.5,,,,,,,5.0,137.6,,11.7,0,0
2211f478-b7b4-7711-74f8-d530d825b069,2211f478-b7b4-7711-16cf-84ffb52b9d2b,2006-12-25T07:51:22Z,22,F,,9.4,20.1,110.1,,,73.0,5.8,,,,,,4.6,142.0,,12.8,3,1
2211f478-b7b4-7711-8583-ac8486f7ccf0,2211f478-b7b4-7711-16cf-84ffb52b9d2b,2007-04-09T07:51:22Z,23,F,,,,,,,,5.9,,,,,,,,,,1,1
2211f478-b7b4-7711-8bfd-c18d5b859d93,2211f478-b7b4-7711-16cf-84ffb52b9d2b,2014-06-30T07:51:22Z,30,F,,9.8,23.5,107.0,,,72.7,6.4,,,,,,3.7,136.8,,8.3,2,1
2211f478-b7b4-7711-9a9f-03d1d5bff6f1,2211f478-b7b4-7711-16cf-84ffb52b9d2b,2007-04-02T07:51:22Z,23,F,,9.4,21.1,110.7,,,65.4,5.9,,,,,,4.6,142.8,,7.1,4,1
2211f478-b7b4-7711-9acb-16c85379d22f,2211f478-b7b4-7711-16cf-84ffb52b9d2b,2012-01-23T07:51:22Z,28,F,,9.9,22.0,110.6,,,72.9,6.4,,,,,,3.8,138.7,,8.0,3,1
2211f478-b7b4-7711-af6b-270fb441c6c2,2211f478-b7b4-7711-16cf-84ffb52b9d2b,2007-12-31T07:51:22Z,23,F,,10.1,23.2,103.7,,,84.5,6.0,,,,,,3.8,137.4,,7.2,1,1
2211f478-b7b4-7711-b65e-38f39b85367f,2211f478-b7b4-7711-16cf-84ffb52b9d2b,2016-01-18T07:51:22Z,32,F,,9.6,28.6,103.2,4.9,,65.4,,41.1,16.5,10.3,80.6,244.3,4.2,143.4,,15.4,2,1
2211f478-b7b4-7711-b69c-25962b2e7aea,2211f478-b7b4-7711-16cf-84ffb52b9d2b,2015-04-20T07:51:22Z,31,F,,8.6,23.5,108.9,,,97.8,,,,,,,4.6,143.4,,7.5,1,1
2211f478-b7b4-7711-b8e3-956ad9157646,2211f478-b7b4-7711-16cf-84ffb52b9d2b,2013-01-28T07:51:22Z,29,F,,9.6,23.3,110.1,,,64.9,6.4,,,,,,5.1,143.2,,18.6,4,1
2211f478-b7b4-7711-d136-4be07b4d41e2,2211f478-b7b4-7711-16cf-84ffb52b9d2b,2010-03-08T07:51:22Z,26,F,,9.3,27.2,109.9,,,64.4,6.4,,,,,,3.8,141.4,,15.1,3,1
2211f478-b7b4-7711-d64d-12b6fd298306,2211f478-b7b4-7711-16cf-84ffb52b9d2b,2014-09-29T07:51:22Z,30,F,,9.3,22.7,102.0,,,99.4,,,,,,,4.6,141.3,,12.3,2,1
2211f478-b7b4-7711-e11c-09f63123f310,2211f478-b7b4-7711-16cf-84ffb52b9d2b,2015-12-21T07:51:22Z,31,F,,9.7,26.7,107.3,,,92.1,,,,,,,5.0,143.5,,11.5,1,1
2211f478-b7b4-7711-f442-6813692e1397,2211f478-b7b4-7711-16cf-84ffb52b9d2b,2016-02-15T07:51:22Z,32,F,,10.1,27.4,107.4,,,79.7,,,,,,,4.4,143.6,,17.5,1,1
2211f478-b7b4-7711-fb3b-3b9132e8339b,2211f478-b7b4-7711-16cf-84ffb52b9d2b,2009-01-05T07:51:22Z,25,F,,9.7,26.3,106.4,,,73.9,6.2,,,,,,5.0,143.1,,13.2,2,1
239b0c86-371a-3080-3401-f06deeabcd58,239b0c86-371a-3080-fcd9-8379b296bc9a,2022-10-15T01:38:24Z,27,F,,,,,4.8,,,,43.8,17.3,5.2,91.0,276.6,,,,,1,1
239b0c86-371a-3080-5a95-3f1faf102297,239b0c86-371a-3080-fcd9-8379b296bc9a,2018-08-31T03:06:21Z,23,F,,9.5,26.2,103.8,5.4,,76.5,,37.6,14.9,4.0,93.6,160.2,4.6,138.2,,15.1,1,1
239b0c86-371a-3080-d705-55c103ebe520,239b0c86-371a-3080-fcd9-8379b296bc9a,2017-07-15T01:38:24Z,22,F,,,,,4.0,,,,39.5,17.1,9.9,80.9,283.5,,,,,1,1
23da8e71-dfb9-9773-0816-f654b51d4833,23da8e71-dfb9-9773-1bc1-7b5e31d085b5,2019-04-20T01:49:06Z,56,M,,9.1,24.1,106.5,,,71.2,6.4,,,,,,5.1,139.2,,11.8,3,1
23da8e71-dfb9-9773-10ac-690469d26801,23da8e71-dfb9-9773-1bc1-7b5e31d085b5,2025-05-24T01:49:06Z,62,M,,9.2,20.2,107.7,4.5,,70.8,6.0,45.0,17.0,10.3,85.3,401.4,4.5,137.3,,9.9,3,1
23da8e71-dfb9-9773-4f8a-ac87f5fd4592,23da8e71-dfb9-9773-1bc1-7b5e31d085b5,2024-05-18T01:49:06Z,61,M,,10.0,25.3,107.7,,,78.1,6.2,,,,,,4.5,139.4,,19.8,2,1
23da8e71-dfb9-9773-804d-479b72142a5f,23da8e71-dfb9-9773-1bc1-7b5e31d085b5,2018-04-14T01:49:06Z,55,M,,9.6,23.8,104.7,,,91.4,6.0,,,,,,4.5,143.0,,8.9,1,1
23da8e71-dfb9-9773-9064-81ee1cb12de4,23da8e71-dfb9-9773-1bc1-7b5e31d085b5,2020-04-25T01:49:06Z,57,M,,9.4,26.2,103.3,4.4,,81.9,6.1,38.1,12.7,8.0,94.7,418.3,3.9,141.3,,8.8,3,1
23da8e71-dfb9-9773-bfbf-b5982671be30,23da8e71-dfb9-9773-1bc1-7b5e31d085b5,2023-05-13T01:49:06Z,60,M,,9.2,26.0,101.9,,,79.4,6.0,,,,,,4.9,141.0,,18.2,1,1
23da8e71-dfb9-9773-ce11-f593e3ac1798,23da8e71-dfb9-9773-1bc1-7b5e31d085b5,2017-04-08T01:49:06Z,54,M,,9.0,22.0,108.5,,,69.6,5.8,,,,,,3.8,141.4,,18.1,4,1
23da8e71-dfb9-9773-d7cd-9c9d613da691,23da8e71-dfb9-9773-1bc1-7b5e31d085b5,2022-05-07T01:49:06Z,59,M,,9.1,22.4,101.7,,,98.5,5.9,,,,,,4.2,142.8,,11.3,2,1
23da8e71-dfb9-9773-dd7a-77d34189ca3e,23da8e71-dfb9-9773-1bc1-7b5e31d085b5,2021-05-01T01:49:06Z,58,M,,8.8,21.2,110.1,,,90.3,5.9,,,,,,4.4,141.4,,7.1,3,1
23da8e71-dfb9-9773-fe60-928ede66e20f,23da8e71-dfb9-9773-1bc1-7b5e31d085b5,2026-05-30T01:49:06Z,63,M,,9.2,21.1,104.4,,,96.8,5.9,,,,,,4.4,143.9,,8.3,2,1
2e9a9dab-f5b6-8960-3228-d9ecc99ddfbb,2e9a9dab-f5b6-8960-d3ce-7834bb5e7344,2017-04-30T18:07:17Z,27,F,,9.0,27.7,110.9,,,85.3,6.3,,,,,,3.8,143.7,,7.9,2,1
2e9a9dab-f5b6-8960-4cc9-2d7b5f19a9b5,2e9a9dab-f5b6-8960-d3ce-7834bb5e7344,2021-05-23T18:07:17Z,31,F,,8.8,24.0,105.5,4.8,,71.7,6.2,40.6,14.5,4.5,83.1,150.7,3.8,141.7,,11.5,1,1
2e9a9dab-f5b6-8960-89d6-5090bebbd7b2,2e9a9dab-f5b6-8960-d3ce-7834bb5e7344,2026-06-21T18:07:17Z,36,F,,8.6,23.8,108.6,4.7,,81.8,5.9,44.7,12.2,6.0,83.5,300.8,4.5,137.6,,10.0,2,1
2e9a9dab-f5b6-8960-8c59-115e830f83d0,2e9a9dab-f5b6-8960-d3ce-7834bb5e7344,2019-05-12T18:07:17Z,29,F,,9.2,26.8,109.7,,,68.6,6.4,,,,,,4.6,139.7,,10.5,3,1
2e9a9dab-f5b6-8960-8fb1-e564a42af2b7,2e9a9dab-f5b6-8960-d3ce-7834bb5e7344,2020-05-17T18:07:17Z,30,F,,9.0,28.6,104.6,,,92.1,6.0,,,,,,3.8,139.1,,7.6,1,1
2e9a9dab-f5b6-8960-9900-278eeca0a92a,2e9a9dab-f5b6-8960-d3ce-7834bb5e7344,2024-07-28T18:07:17Z,34,F,,9.3,27.0,110.2,,,88.3,5.9,,,,,,4.8,141.9,,11.7,2,1
2e9a9dab-f5b6-8960-a542-ce8064b673ca,2e9a9dab-f5b6-8960-d3ce-7834bb5e7344,2022-05-29T18:07:17Z,32,F,,10.2,28.0,101.2,,,75.1,6.0,,,,,,5.1,141.6,,18.4,2,1
2e9a9dab-f5b6-8960-c574-8f077e741564,2e9a9dab-f5b6-8960-d3ce-7834bb5e7344,2023-06-04T18:07:17Z,33,F,,9.2,21.4,105.0,,,83.8,5.9,,,,,,5.0,143.3,,19.9,2,1
2e9a9dab-f5b6-8960-d6d2-b1d033e76677,2e9a9dab-f5b6-8960-d3ce-7834bb5e7344,2018-05-06T18:07:17Z,28,F,,9.5,28.2,103.3,,,77.1,6.0,,,,,,5.1,137.1,,13.9,2,1
2e9a9dab-f5b6-8960-da1a-d00e01c67125,2e9a9dab-f5b6-8960-d3ce-7834bb5e7344,2024-06-09T18:07:17Z,34,F,,9.3,21.0,102.7,,,92.9,5.9,,,,,,4.3,140.2,,12.8,2,1
2e9a9dab-f5b6-8960-e226-12bdf9a235cb,2e9a9dab-f5b6-8960-d3ce-7834bb5e7344,2025-06-15T18:07:17Z,35,F,,8.8,24.5,104.5,,,94.4,6.1,,,,,,4.9,144.0,,15.4,1,1
2fb99851-6f31-04a6-0abc-d8e024627c42,2fb99851-6f31-04a6-be96-6fef4663e208,2018-01-31T06:00:32Z,56,M,,9.1,27.8,109.3,,,72.0,6.3,,,,,,5.0,136.7,,10.8,2,1
2fb99851-6f31-04a6-0acd-2c26255c94f2,2fb99851-6f31-04a6-be96-6fef4663e208,2022-01-26T18:57:31Z,60,M,35.3,9.4,23.4,107.7,4.9,,92.9,,43.4,12.8,3.6,86.3,127.4,4.8,141.5,,18.5,4,1
2fb99851-6f31-04a6-235b-a55a4086b77f,2fb99851-6f31-04a6-be96-6fef4663e208,2021-12-15T09:34:27Z,59,M,12.6,9.5,26.5,105.4,5.7,,75.8,6.1,38.9,11.5,3.2,83.7,141.7,3.8,139.5,,7.9,5,1
2fb99851-6f31-04a6-2796-357f4e97ffb1,2fb99851-6f31-04a6-be96-6fef4663e208,2023-03-01T06:00:32Z,61,M,,9.3,20.6,108.4,,,92.5,6.0,,,,,,5.1,138.8,,9.2,4,1
2fb99851-6f31-04a6-48a7-b803821336b7,2fb99851-6f31-04a6-be96-6fef4663e208,2019-02-06T06:00:32Z,57,M,,10.1,21.2,106.9,4.1,,86.8,6.4,40.4,14.7,5.5,90.3,202.5,3.7,142.8,,8.6,5,1
2fb99851-6f31-04a6-52a1-1d3ccc55cd97,2fb99851-6f31-04a6-be96-6fef4663e208,2026-03-18T06:00:32Z,64,M,,9.1,22.9,109.3,,,94.2,6.2,,,,,,3.9,143.6,,15.4,3,1
2fb99851-6f31-04a6-5517-80f33d270d39,2fb99851-6f31-04a6-be96-6fef4663e208,2017-01-25T06:00:32Z,55,M,,10.0,28.1,103.3,,,67.3,6.2,,,,,,4.4,139.9,,16.5,2,1
2fb99851-6f31-04a6-59e4-931bc06a7a0d,2fb99851-6f31-04a6-be96-6fef4663e208,2025-03-12T06:00:32Z,63,M,,10.1,28.6,101.6,,,96.5,6.0,,,,,,4.5,141.1,,16.0,1,1
2fb99851-6f31-04a6-7d9d-98c0d1f35619,2fb99851-6f31-04a6-be96-6fef4663e208,2021-02-17T06:00:32Z,59,M,,9.2,25.9,109.5,,,96.4,6.2,,,,,,4.8,139.1,,8.1,2,1
2fb99851-6f31-04a6-853b-3cb011eacf9a,2fb99851-6f31-04a6-be96-6fef4663e208,2024-03-06T06:00:32Z,62,M,,8.8,24.0,110.2,4.2,,89.5,5.8,42.2,17.4,7.7,81.8,332.7,5.0,139.8,,13.7,4,1
2fb99851-6f31-04a6-b711-b50c762ac16e,2fb99851-6f31-04a6-be96-6fef4663e208,2020-02-12T06:00:32Z,58,M,,8.6,28.3,108.4,,,87.0,6.2,,,,,,5.0,140.6,,14.1,2,1
2fb99851-6f31-04a6-e967-abe6b39b2153,2fb99851-6f31-04a6-be96-6fef4663e208,2022-02-23T06:00:32Z,60,M,,9.8,21.5,107.2,,,73.0,6.4,,,,,,4.6,140.9,,7.3,3,1
31f368d9-3fdc-a15f-0eb7-7de4bcf57ace,31f368d9-3fdc-a15f-ccdc-fafa74a860e9,2020-11-26T15:44:09Z,39,M,,9.5,23.1,110.7,4.9,,91.5,6.0,45.1,16.1,7.2,88.5,385.7,4.3,140.5,,8.7,2,1
31f368d9-3fdc-a15f-3ef4-2c7e91d66a36,31f368d9-3fdc-a15f-ccdc-fafa74a860e9,2025-01-23T15:44:09Z,44,M,,9.7,29.0,110.0,,,99.5,6.2,,,,,,3.8,137.2,,11.9,3,1
31f368d9-3fdc-a15f-5bc2-215e2f38bcc5,31f368d9-3fdc-a15f-ccdc-fafa74a860e9,2023-01-19T15:44:09Z,42,M,,9.4,25.2,102.1,,,90.4,5.8,,,,,,3.8,142.9,,10.9,1,1
31f368d9-3fdc-a15f-66f0-6994a5db0ab2,31f368d9-3fdc-a15f-ccdc-fafa74a860e9,2018-03-29T15:44:09Z,37,M,,9.4,27.9,101.2,,,78.8,5.8,,,,,,3.7,140.6,,18.3,1,1
31f368d9-3fdc-a15f-9a2c-18011d9f6ca5,31f368d9-3fdc-a15f-ccdc-fafa74a860e9,2023-02-09T15:44:09Z,42,M,,8.6,27.3,109.7,,,89.6,6.3,,,,,,4.3,136.3,,9.5,2,1
31f368d9-3fdc-a15f-a0cc-784b7795f5e8,31f368d9-3fdc-a15f-ccdc-fafa74a860e9,2021-01-14T15:44:09Z,40,M,,8.9,26.9,101.0,,,93.8,6.3,,,,,,3.8,140.9,,15.8,1,1
31f368d9-3fdc-a15f-f6fe-e3de041043ec,31f368d9-3fdc-a15f-ccdc-fafa74a860e9,2020-12-03T15:44:09Z,39,M,,,,,,,,6.0,,,,,,,,,,1,1
3314e296-2326-2826-6afd-96fa701c1bf1,3314e296-2326-2826-271d-a7be5b896db9,2020-11-08T02:18:12Z,30,F,,,,,4.0,,,,,11.1,9.4,88.4,191.6,,,,,1,1
3314e296-2326-2826-90b9-47072e2449d8,3314e296-2326-2826-271d-a7be5b896db9,2018-08-05T02:18:12Z,28,F,,,,,5.3,,,,47.2,15.6,6.1,81.1,443.9,,,,,2,1
3314e296-2326-2826-9fd5-dcbd2ca2e0cc,3314e296-2326-2826-271d-a7be5b896db9,2024-08-11T02:18:12Z,34,F,,,,,4.4,,,,47.3,12.5,8.2,91.3,216.6,,,,,0,0
3368f8e7-5e00-7794-2dee-76b9ac38f317,3368f8e7-5e00-7794-1e39-f65cb954d43d,2021-04-24T10:41:04Z,54,F,,,,,4.1,,,,47.8,15.0,8.8,88.4,194.1,,,,,0,0
3368f8e7-5e00-7794-8add-067822e8a71b,3368f8e7-5e00-7794-1e39-f65cb954d43d,2026-05-23T10:41:04Z,59,F,,,,,4.3,,,,41.5,16.9,9.0,85.4,252.1,,,,,1,1
355a4d50-2628-aa65-0361-6091de617d40,355a4d50-2628-aa65-c336-deacf4d606fb,2022-04-28T20:04:51Z,66,M,,9.0,20.6,104.5,,,123.6,4.0,,,,,,4.5,143.6,,11.6,2,1
355a4d50-2628-aa65-10ed-d96a69189fc2,355a4d50-2628-aa65-c336-deacf4d606fb,2022-02-24T20:04:51Z,66,M,,8.9,22.7,105.7,,,112.2,4.0,,,,,,4.9,136.2,,19.4,2,1
355a4d50-2628-aa65-166d-762c32788f6c,355a4d50-2628-aa65-c336-deacf4d606fb,2025-01-23T20:04:51Z,69,M,,10.0,28.4,103.4,,,119.7,4.0,,,,,,4.8,141.2,,10.1,1,1
355a4d50-2628-aa65-1cf4-9e52b48fc497,355a4d50-2628-aa65-c336-deacf4d606fb,2024-12-05T20:04:51Z,68,M,,10.0,20.5,108.9,,,123.3,4.0,,,,,,4.3,143.8,,16.3,3,1
355a4d50-2628-aa65-1e6e-0bc55feca2ce,355a4d50-2628-aa65-c336-deacf4d606fb,2024-12-19T20:04:51Z,68,M,,8.7,28.8,107.4,,,117.1,4.0,,,,,,4.2,140.9,,11.6,2,1
355a4d50-2628-aa65-2268-731acf68bdcf,355a4d50-2628-aa65-c336-deacf4d606fb,2022-05-19T20:04:51Z,66,M,,9.6,25.1,106.0,,,100.0,4.0,,,,,,4.6,137.2,,12.4,1,1
355a4d50-2628-aa65-22b5-d6fae3dd23f7,355a4d50-2628-aa65-c336-deacf4d606fb,2026-08-06T20:04:51Z,70,M,,9.2,26.8,110.5,,,120.4,4.0,,,,,,3.9,141.8,,8.2,2,1
355a4d50-2628-aa65-31a5-3b7c9838a55c,355a4d50-2628-aa65-c336-deacf4d606fb,2022-02-10T20:04:51Z,66,M,,9.1,27.4,103.0,,,112.8,4.0,,,,,,5.0,138.0,,8.4,1,1
355a4d50-2628-aa65-31ac-59da17933968,355a4d50-2628-aa65-c336-deacf4d606fb,2024-12-26T20:04:51Z,68,M,,9.5,20.1,107.3,,,121.2,4.0,,,,,,4.7,140.9,,8.2,3,1
355a4d50-2628-aa65-358c-c4585b3fc863,355a4d50-2628-aa65-c336-deacf4d606fb,2026-05-21T20:04:51Z,70,M,,9.3,21.5,109.3,,,120.0,4.0,,,,,,5.2,141.6,,12.1,4,1
355a4d50-2628-aa65-38a2-bdafc6e30f1d,355a4d50-2628-aa65-c336-deacf4d606fb,2025-03-27T20:04:51Z,69,M,,9.2,28.2,109.6,,,105.1,4.0,,,,,,4.7,137.6,,16.3,2,1
355a4d50-2628-aa65-4175-538c038d11ff,355a4d50-2628-aa65-c336-deacf4d606fb,2024-01-11T20:04:51Z,68,M,,8.9,27.6,110.1,5.3,,117.0,4.0,41.9,12.9,7.2,90.1,249.8,4.7,138.9,,15.3,3,1
355a4d50-2628-aa65-426c-09e5b97b79fa,355a4d50-2628-aa65-c336-deacf4d606fb,2025-02-13T20:04:51Z,69,M,,9.3,24.5,105.3,,,114.3,4.0,,,,,,4.0,138.1,,16.8,1,1
355a4d50-2628-aa65-49fa-9ae21ee5aa26,355a4d50-2628-aa65-c336-deacf4d606fb,2022-03-10T20:04:51Z,66,M,,9.0,24.1,106.2,,,113.8,4.0,,,,,,4.6,136.6,,11.5,2,1
355a4d50-2628-aa65-4fc2-9c989acf2dd7,355a4d50-2628-aa65-c336-deacf4d606fb,2024-04-11T20:04:51Z,68,M,,8.9,21.6,104.6,,,112.1,4.0,,,,,,5.2,137.2,,18.5,3,1
355a4d50-2628-aa65-50c8-12f9bf5733e4,355a4d50-2628-aa65-c336-deacf4d606fb,2024-12-12T20:04:51Z,68,M,,8.6,24.6,104.1,,,105.4,4.0,,,,,,5.1,141.8,,8.7,2,1
355a4d50-2628-aa65-526c-69e4fddc8acf,355a4d50-2628-aa65-c336-deacf4d606fb,2016-12-25T08:51:57Z,60,M,5.6,9.7,26.5,110.0,4.6,,120.3,,37.1,16.2,8.0,91.8,183.0,4.1,138.3,,15.8,4,1
355a4d50-2628-aa65-5273-5bfb6e0aaa0b,355a4d50-2628-aa65-c336-deacf4d606fb,2025-02-20T20:04:51Z,69,M,,10.1,23.3,104.4,,,104.9,4.0,,,,,,4.2,142.7,,11.0,1,1
355a4d50-2628-aa65-592c-2ac4436aca50,355a4d50-2628-aa65-c336-deacf4d606fb,2025-10-09T20:04:51Z,69,M,,9.1,26.3,109.7,,,103.7,4.0,,,,,,4.7,140.0,,16.1,2,1
355a4d50-2628-aa65-5c0a-c559d00196d1,355a4d50-2628-aa65-c336-deacf4d606fb,2020-01-02T20:04:51Z,64,M,,9.9,21.8,106.5,,,102.7,7.0,,,,,,4.9,138.2,,11.5,4,1
355a4d50-2628-aa65-6108-01a11cffd463,355a4d50-2628-aa65-c336-deacf4d606fb,2025-04-10T20:04:51Z,69,M,,9.3,23.6,106.3,,,107.4,4.0,,,,,,4.9,139.1,,18.7,2,1
355a4d50-2628-aa65-65ae-9016917fd0fb,355a4d50-2628-aa65-c336-deacf4d606fb,2025-02-06T20:04:51Z,69,M,,9.9,20.3,108.1,,,104.4,4.0,,,,,,4.5,143.0,,17.6,3,1
355a4d50-2628-aa65-6752-40c50a7a5346,355a4d50-2628-aa65-c336-deacf4d606fb,2022-01-13T20:04:51Z,66,M,,8.7,21.2,102.0,,,121.1,4.0,,,,,,3.9,142.7,,12.1,2,1
355a4d50-2628-aa65-6855-0941f13cfa44,355a4d50-2628-aa65-c336-deacf4d606fb,2021-01-07T20:04:51Z,65,M,,9.5,21.6,105.6,,,123.0,7.0,,,,,,5.0,141.8,,17.4,3,1
355a4d50-2628-aa65-697b-6d2d7f9070e5,355a4d50-2628-aa65-c336-deacf4d606fb,2026-05-07T20:04:51Z,70,M,,8.8,26.5,110.7,,,111.9,4.0,,,,,,4.1,136.4,,16.7,2,1
355a4d50-2628-aa65-71e3-7b49de1d7b23,355a4d50-2628-aa65-c336-deacf4d606fb,2023-06-22T20:04:51Z,67,M,,8.7,20.5,107.5,,,100.9,4.0,,,,,,4.9,139.8,,9.8,3,1
355a4d50-2628-aa65-76a6-d67500741021,355a4d50-2628-aa65-c336-deacf4d606fb,2025-01-30T20:04:51Z,69,M,,9.3,20.3,105.3,,,114.6,4.0,,,,,,4.5,139.3,,18.1,2,1
355a4d50-2628-aa65-77e1-59a402455737,355a4d50-2628-aa65-c336-deacf4d606fb,2025-01-02T20:04:51Z,69,M,,9.2,28.6,102.7,,,117.3,4.0,,,,,,4.3,143.7,,12.2,1,1
355a4d50-2628-aa65-78c1-60e459a327e0,355a4d50-2628-aa65-c336-deacf4d606fb,2024-01-25T20:04:51Z,68,M,,10.1,26.4,108.0,,,108.9,4.0,,,,,,4.9,137.0,,10.5,2,1
355a4d50-2628-aa65-7d7f-0af0bd1baf44,355a4d50-2628-aa65-c336-deacf4d606fb,2022-03-24T20:04:51Z,66,M,,8.8,26.5,110.9,,,110.8,4.0,,,,,,5.1,143.4,,19.6,3,1
355a4d50-2628-aa65-7d8d-672606beb0b6,355a4d50-2628-aa65-c336-deacf4d606fb,2023-10-12T20:04:51Z,67,M,,9.4,22.8,107.7,,,112.5,4.0,,,,,,4.9,139.4,,19.0,3,1
355a4d50-2628-aa65-7edc-4afa28cf7a61,355a4d50-2628-aa65-c336-deacf4d606fb,2023-01-19T20:04:51Z,67,M,,8.8,26.8,110.7,,,122.4,4.0,,,,,,4.2,137.3,,15.6,2,1
355a4d50-2628-aa65-84d2-2b8f727b5545,355a4d50-2628-aa65-c336-deacf4d606fb,2026-02-05T20:04:51Z,70,M,,9.2,28.3,103.7,,,101.7,4.0,,,,,,4.8,137.7,,11.4,1,1
355a4d50-2628-aa65-8cd4-d9bc4aae8ebf,355a4d50-2628-aa65-c336-deacf4d606fb,2025-01-16T20:04:51Z,69,M,,9.3,26.7,109.5,,,100.1,4.0,,,,,,4.6,142.2,,10.8,2,1
355a4d50-2628-aa65-8d20-bdd60cb4e06e,355a4d50-2628-aa65-c336-deacf4d606fb,2026-06-11T20:04:51Z,70,M,,9.4,26.1,103.4,,,120.4,4.0,,,,,,3.9,143.5,,17.4,1,1
355a4d50-2628-aa65-90cf-cb5a16f0b64d,355a4d50-2628-aa65-c336-deacf4d606fb,2022-04-21T20:04:51Z,66,M,,9.1,20.7,109.9,,,111.7,4.0,,,,,,4.3,139.0,,8.2,3,1
355a4d50-2628-aa65-9296-000ec60f8ce9,355a4d50-2628-aa65-c336-deacf4d606fb,2022-06-02T20:04:51Z,66,M,,9.2,24.9,101.7,,,118.3,4.0,,,,,,4.2,141.1,,10.1,1,1
355a4d50-2628-aa65-9995-88336b4e8544,355a4d50-2628-aa65-c336-deacf4d606fb,2022-05-05T20:04:51Z,66,M,,9.8,27.5,104.2,,,116.8,4.0,,,,,,4.2,143.4,,14.1,1,1
355a4d50-2628-aa65-9a3f-d517b8ea73dd,355a4d50-2628-aa65-c336-deacf4d606fb,2025-01-09T20:04:51Z,69,M,,9.2,25.1,109.8,,,119.6,4.0,,,,,,5.1,137.6,,11.8,3,1
355a4d50-2628-aa65-a05e-7f2327cba6f9,355a4d50-2628-aa65-c336-deacf4d606fb,2022-04-07T20:04:51Z,66,M,,9.8,26.6,108.3,,,102.1,4.0,,,,,,4.5,141.3,,16.2,2,1
355a4d50-2628-aa65-a637-d6ecf07f5218,355a4d50-2628-aa65-c336-deacf4d606fb,2022-05-12T20:04:51Z,66,M,,10.0,20.2,105.0,,,121.0,4.0,,,,,,4.0,139.2,,18.6,2,1
355a4d50-2628-aa65-a78a-79375788aa12,355a4d50-2628-aa65-c336-deacf4d606fb,2025-07-10T20:04:51Z,69,M,,9.2,22.1,102.7,,,105.4,4.0,,,,,,4.8,140.2,,11.6,2,1
355a4d50-2628-aa65-af36-c5f6e47850b4,355a4d50-2628-aa65-c336-deacf4d606fb,2022-04-14T20:04:51Z,66,M,,9.1,26.5,105.5,,,100.1,4.0,,,,,,4.1,141.3,,10.4,1,1
355a4d50-2628-aa65-af97-e76a6cb513eb,355a4d50-2628-aa65-c336-deacf4d606fb,2022-03-03T20:04:51Z,66,M,,9.3,22.0,110.9,,,124.7,4.0,,,,,,4.9,137.0,,8.5,3,1
355a4d50-2628-aa65-b168-a21fffaf00bf,355a4d50-2628-aa65-c336-deacf4d606fb,2026-07-16T20:04:51Z,70,M,,9.7,23.0,108.8,,,115.2,4.0,,,,,,4.5,137.0,,18.7,2,1
355a4d50-2628-aa65-b28c-06a3f99a7835,355a4d50-2628-aa65-c336-deacf4d606fb,2026-05-14T20:04:51Z,70,M,,10.1,20.4,110.3,,,116.2,4.0,,,,,,4.8,141.7,,14.5,3,1
355a4d50-2628-aa65-b356-bc930f7495d6,355a4d50-2628-aa65-c336-deacf4d606fb,2021-12-30T20:04:51Z,65,M,,9.7,28.8,101.4,,,117.4,7.0,,,,,,4.8,141.7,,14.7,2,1
355a4d50-2628-aa65-b6ba-b89162e4da88,355a4d50-2628-aa65-c336-deacf4d606fb,2022-03-31T20:04:51Z,66,M,,9.4,24.6,106.3,,,107.7,4.0,,,,,,4.2,140.0,,18.9,2,1
355a4d50-2628-aa65-b89f-83b67c34eba8,355a4d50-2628-aa65-c336-deacf4d606fb,2016-12-15T20:04:51Z,60,M,,8.6,26.0,105.4,,,118.1,7.0,,,,,,4.2,143.3,,18.8,2,1
355a4d50-2628-aa65-c029-34da5af5888d,355a4d50-2628-aa65-c336-deacf4d606fb,2022-02-03T20:04:51Z,66,M,,9.6,28.9,103.4,,,115.7,4.0,,,,,,4.1,143.4,,15.1,1,1
355a4d50-2628-aa65-c421-e246c3a0307d,355a4d50-2628-aa65-c336-deacf4d606fb,2022-03-17T20:04:51Z,66,M,,9.4,20.7,107.6,,,101.7,4.0,,,,,,4.2,141.5,,11.3,3,1
355a4d50-2628-aa65-c78a-8f8efa3ab9a5,355a4d50-2628-aa65-c336-deacf4d606fb,2022-06-09T20:04:51Z,66,M,,8.6,23.8,101.9,,,111.4,4.0,,,,,,3.9,141.4,,12.3,1,1
355a4d50-2628-aa65-d0c8-9c86df0d0501,355a4d50-2628-aa65-c336-deacf4d606fb,2025-05-08T20:04:51Z,69,M,,9.7,24.7,103.3,,,113.5,4.0,,,,,,4.0,141.8,,17.3,1,1
355a4d50-2628-aa65-d5b3-b6e364604e7b,355a4d50-2628-aa65-c336-deacf4d606fb,2017-12-21T20:04:51Z,61,M,,8.8,23.7,109.3,,,107.2,7.0,,,,,,4.0,141.4,,16.8,3,1
355a4d50-2628-aa65-d8e6-5dba7871bac6,355a4d50-2628-aa65-c336-deacf4d606fb,2026-06-04T20:04:51Z,70,M,,9.8,21.1,102.0,,,105.1,4.0,,,,,,4.1,136.3,,7.3,2,1
355a4d50-2628-aa65-e20a-7f9a69a0e538,355a4d50-2628-aa65-c336-deacf4d606fb,2026-07-09T20:04:51Z,70,M,,9.4,24.6,109.1,,,104.7,4.0,,,,,,4.2,143.2,,16.6,2,1
355a4d50-2628-aa65-e535-ccbef967d6a9,355a4d50-2628-aa65-c336-deacf4d606fb,2025-04-03T20:04:51Z,69,M,,9.1,23.5,107.3,,,118.6,4.0,,,,,,3.9,140.1,,16.0,2,1
355a4d50-2628-aa65-e944-58bafe391680,355a4d50-2628-aa65-c336-deacf4d606fb,2023-05-25T20:04:51Z,67,M,,9.8,20.9,106.7,,,112.4,4.0,,,,,,4.8,140.8,,16.3,3,1
355a4d50-2628-aa65-ebe9-5b8f3bdbf7dd,355a4d50-2628-aa65-c336-deacf4d606fb,2022-05-26T20:04:51Z,66,M,,10.2,27.3,106.4,,,115.7,4.0,,,,,,5.1,142.0,,16.5,3,1
355a4d50-2628-aa65-ec39-11677da7c6e4,355a4d50-2628-aa65-c336-deacf4d606fb,2025-02-27T20:04:51Z,69,M,,9.6,28.7,104.3,,,120.9,4.0,,,,,,4.9,136.3,,9.3,1,1
355a4d50-2628-aa65-f3d4-94cbee9bbf7c,355a4d50-2628-aa65-c336-deacf4d606fb,2022-02-17T20:04:51Z,66,M,,9.0,24.1,108.5,,,119.6,4.0,,,,,,4.5,138.0,,15.8,2,1
355a4d50-2628-aa65-f72a-84ff440da1c1,355a4d50-2628-aa65-c336-deacf4d606fb,2018-12-27T20:04:51Z,62,M,,9.9,22.9,110.7,5.2,,122.9,7.0,48.6,12.1,7.2,89.9,399.2,4.2,138.5,,11.0,5,1
355a4d50-2628-aa65-f8e9-30b54d1c36d6,355a4d50-2628-aa65-c336-deacf4d606fb,2026-05-28T20:04:51Z,70,M,,9.5,25.9,108.9,,,112.6,4.0,,,,,,4.9,136.3,,13.2,2,1
355cd402-8f45-353f-2a6b-d8b5e297465f,355cd402-8f45-353f-013f-ecb627e85106,2026-06-21T20:03:49Z,40,M,,,,,5.2,,,,42.9,14.7,7.3,93.7,301.0,,,,,0,0
355cd402-8f45-353f-75fa-51b846024d8b,355cd402-8f45-353f-013f-ecb627e85106,2020-08-30T20:03:49Z,34,M,,,,,4.9,,,,48.7,14.0,8.1,87.1,389.1,,,,,0,0
35f80d0e-eaad-ef68-3d94-cb3381a98bdd,35f80d0e-eaad-ef68-b762-3a1c12a872c1,2017-04-02T22:21:23Z,37,M,,8.9,22.7,104.0,,,96.3,5.8,,,,,,4.4,139.5,,9.7,2,1
35f80d0e-eaad-ef68-60a0-b3f9fb295f95,35f80d0e-eaad-ef68-b762-3a1c12a872c1,2026-02-01T22:21:23Z,46,M,,9.1,27.4,103.7,4.6,,81.0,6.1,38.1,12.9,3.7,89.3,418.3,4.8,139.1,,14.0,4,1
35f80d0e-eaad-ef68-706b-b45f4ac01d89,35f80d0e-eaad-ef68-b762-3a1c12a872c1,2020-01-19T22:21:23Z,40,M,,9.6,21.4,108.1,4.0,,66.1,6.0,41.9,13.5,8.9,92.6,197.1,4.0,143.7,,15.8,6,1
35f80d0e-eaad-ef68-917b-3dc6baf1455f,35f80d0e-eaad-ef68-b762-3a1c12a872c1,2022-01-23T22:21:23Z,42,M,,10.0,24.1,106.7,,,73.8,6.2,,,,,,4.4,141.2,,16.6,2,1
35f80d0e-eaad-ef68-ddd5-1723f9c5e829,35f80d0e-eaad-ef68-b762-3a1c12a872c1,2024-01-28T22:21:23Z,44,M,,9.7,25.8,104.6,,,76.6,5.9,,,,,,4.1,142.7,,9.7,1,1
3732fde5-efc6-d57a-0be1-1dfc33a723af,3732fde5-efc6-d57a-517b-0500f2177181,2026-08-07T10:39:49Z,66,M,58.3,8.8,22.5,110.0,,,72.2,,,,,,,5.2,136.7,,7.8,4,1
3732fde5-efc6-d57a-1c15-0f3aac2481f1,3732fde5-efc6-d57a-517b-0500f2177181,2021-07-02T10:39:49Z,61,M,,,,,4.6,,,,49.4,12.9,6.9,83.8,414.4,,,,,1,1
3732fde5-efc6-d57a-656a-45cd54c64340,3732fde5-efc6-d57a-517b-0500f2177181,2022-07-15T10:39:49Z,62,M,28.3,9.8,26.9,105.5,,,79.8,,,,,,,4.2,138.6,,14.7,0,0
3732fde5-efc6-d57a-7773-b123991c509a,3732fde5-efc6-d57a-517b-0500f2177181,2019-06-24T10:39:49Z,59,M,55.8,10.2,27.4,108.2,,,64.4,,,,,,,4.4,141.8,,13.1,2,1
3732fde5-efc6-d57a-82f0-65485cba9875,3732fde5-efc6-d57a-517b-0500f2177181,2018-06-24T10:39:49Z,58,M,32.9,9.1,24.2,105.2,,,73.6,,,,,,,4.8,136.1,,7.1,0,0
3732fde5-efc6-d57a-a710-2eb0a64c6eef,3732fde5-efc6-d57a-517b-0500f2177181,2021-07-03T10:39:49Z,61,M,47.9,8.5,26.1,104.2,,,66.1,,,,,,,4.3,138.3,,11.9,1,1
3732fde5-efc6-d57a-aafc-3ee4323a41c3,3732fde5-efc6-d57a-517b-0500f2177181,2020-07-03T10:39:49Z,60,M,53.9,9.1,23.2,106.0,,,77.0,,,,,,,5.1,139.0,,17.7,1,1
3732fde5-efc6-d57a-c6cb-bb598642f9ef,3732fde5-efc6-d57a-517b-0500f2177181,2026-07-31T10:39:49Z,66,M,,,,,4.9,,,,46.8,14.9,10.0,81.1,435.8,,,,,0,0
3732fde5-efc6-d57a-ce46-cee24523c019,3732fde5-efc6-d57a-517b-0500f2177181,2025-07-26T10:39:49Z,65,M,38.2,8.7,22.8,110.4,,,78.9,,,,,,,4.6,142.4,,14.0,2,1
3732fde5-efc6-d57a-ddea-4bd3c30a6eaf,3732fde5-efc6-d57a-517b-0500f2177181,2024-07-26T10:39:49Z,64,M,27.6,10.0,22.4,102.0,,,64.2,,,,,,,3.9,141.1,,17.7,2,1
3732fde5-efc6-d57a-e54f-bb5e158fe3d0,3732fde5-efc6-d57a-517b-0500f2177181,2017-06-24T10:39:49Z,57,M,25.4,8.8,21.9,108.2,,,82.9,,,,,,,4.5,142.0,,19.4,2,1
3732fde5-efc6-d57a-fd13-1f02a1221868,3732fde5-efc6-d57a-517b-0500f2177181,2023-07-15T10:39:49Z,63,M,47.7,9.9,23.9,110.8,,,66.3,,,,,,,3.8,141.1,,16.2,2,1
37549f60-b5a3-69cd-60b7-dfbf3fae57f3,37549f60-b5a3-69cd-dea6-5a71c4bc23cf,2021-05-31T22:20:00Z,40,F,,8.5,23.8,108.9,4.0,,92.3,6.3,49.0,17.0,8.0,80.4,238.3,4.4,143.0,,11.8,4,1
37549f60-b5a3-69cd-6c13-767fd9c9e5ad,37549f60-b5a3-69cd-dea6-5a71c4bc23cf,2018-08-20T22:20:00Z,37,F,,10.1,24.2,107.4,,,68.8,6.1,,,,,,4.0,139.9,,7.8,3,1
37549f60-b5a3-69cd-746c-025c76449e91,37549f60-b5a3-69cd-dea6-5a71c4bc23cf,2023-06-05T22:20:00Z,42,F,,8.6,28.5,103.7,,,74.1,5.9,,,,,,4.8,139.7,,20.0,1,1
37549f60-b5a3-69cd-ad4a-2091412653c2,37549f60-b5a3-69cd-dea6-5a71c4bc23cf,2016-12-05T22:20:00Z,35,F,,9.8,21.9,110.4,,,65.6,5.9,,,,,,4.1,143.3,,19.6,4,1
37549f60-b5a3-69cd-ae79-c9a9fc0a286b,37549f60-b5a3-69cd-dea6-5a71c4bc23cf,2025-06-09T22:20:00Z,44,F,,9.2,23.1,107.3,,,95.3,5.8,,,,,,4.5,142.1,,12.3,2,1
3935e8a9-9b9f-fd00-0244-3fce3ae21480,3935e8a9-9b9f-fd00-fe22-bcb810d0330b,2023-10-28T17:51:49Z,55,F,40.7,9.6,20.3,101.5,,,82.5,,,,,,,5.0,142.3,,18.1,1,1
3935e8a9-9b9f-fd00-2837-796fd528a3a6,3935e8a9-9b9f-fd00-fe22-bcb810d0330b,2016-10-29T17:51:49Z,48,F,34.7,9.9,26.3,110.7,,,74.1,,,,,,,4.8,139.7,,17.5,1,1
3935e8a9-9b9f-fd00-2f20-4410135456fe,3935e8a9-9b9f-fd00-fe22-bcb810d0330b,2021-10-28T17:51:49Z,53,F,20.5,8.6,26.9,107.1,,,76.2,,,,,,,4.1,136.3,,9.4,1,1
3935e8a9-9b9f-fd00-6a25-dffcdd4d1757,3935e8a9-9b9f-fd00-fe22-bcb810d0330b,2025-11-04T17:51:49Z,57,F,,,,,5.0,,,,48.2,13.4,6.1,90.9,270.3,,,,,1,1
3935e8a9-9b9f-fd00-6f3d-57c8c8043d53,3935e8a9-9b9f-fd00-fe22-bcb810d0330b,2018-10-29T17:51:49Z,50,F,32.2,8.6,22.3,106.0,,,97.0,,,,,,,4.9,136.8,,14.6,1,1
3935e8a9-9b9f-fd00-7161-c51526fc28ba,3935e8a9-9b9f-fd00-fe22-bcb810d0330b,2017-10-29T17:51:49Z,49,F,52.8,8.7,22.7,105.2,,,89.4,,,,,,,4.4,137.3,,19.9,1,1
3935e8a9-9b9f-fd00-af55-ac996bbfe052,3935e8a9-9b9f-fd00-fe22-bcb810d0330b,2020-10-28T17:51:49Z,52,F,46.4,9.6,27.4,104.7,,,68.1,,,,,,,4.5,143.6,,7.1,1,1
3935e8a9-9b9f-fd00-b095-b2cea29553f0,3935e8a9-9b9f-fd00-fe22-bcb810d0330b,2022-10-28T17:51:49Z,54,F,37.0,9.4,21.2,102.0,,,78.2,,,,,,,4.0,140.6,,18.0,1,1
3935e8a9-9b9f-fd00-b7f4-9ee31aee329e,3935e8a9-9b9f-fd00-fe22-bcb810d0330b,2020-10-06T17:51:49Z,52,F,,,,,4.8,,,,46.3,15.4,7.8,93.8,424.5,,,,,0,0
3935e8a9-9b9f-fd00-c602-1511937e431b,3935e8a9-9b9f-fd00-fe22-bcb810d0330b,2019-10-29T17:51:49Z,51,F,20.3,8.6,24.9,108.3,,,80.5,,,,,,,4.6,140.8,,7.5,1,1
3935e8a9-9b9f-fd00-e52e-fbb94fd27c0e,3935e8a9-9b9f-fd00-fe22-bcb810d0330b,2024-11-12T17:51:49Z,56,F,37.5,9.9,27.2,104.9,,,74.8,,,,,,,4.4,143.5,,13.0,0,0
3935e8a9-9b9f-fd00-e7e2-f55efcd70e26,3935e8a9-9b9f-fd00-fe22-bcb810d0330b,2025-11-12T17:51:49Z,57,F,34.2,9.8,25.9,106.8,,,86.4,,,,,,,4.1,143.0,,14.3,1,1
3c0e60c4-176e-2c4c-0cd6-7dee0afd0de0,3c0e60c4-176e-2c4c-3b85-b46be390cf5e,2026-01-10T18:39:12Z,62,F,23.3,9.8,23.0,104.8,,,67.5,,,,,,,3.7,139.1,,18.4,1,1
3c0e60c4-176e-2c4c-333a-c75799536233,3c0e60c4-176e-2c4c-3b85-b46be390cf5e,2017-12-09T18:39:12Z,53,F,53.4,8.8,21.9,104.3,,,79.6,,,,,,,4.4,139.0,,16.9,1,1
3c0e60c4-176e-2c4c-36ec-501b2fc57a1e,3c0e60c4-176e-2c4c-3b85-b46be390cf5e,2021-12-17T18:39:12Z,57,F,22.3,8.5,23.5,101.5,,,95.4,,,,,,,4.3,143.9,,19.7,0,0
3c0e60c4-176e-2c4c-41c8-abfe8088439b,3c0e60c4-176e-2c4c-3b85-b46be390cf5e,2022-12-29T18:39:12Z,58,F,44.7,10.1,24.7,106.1,,,72.7,,,,,,,4.2,137.7,,17.7,1,1
3c0e60c4-176e-2c4c-43af-4d3a19c17f1b,3c0e60c4-176e-2c4c-3b85-b46be390cf5e,2025-01-10T18:39:12Z,61,F,58.1,10.0,23.2,104.0,,,90.9,,,,,,,5.1,140.6,,9.2,2,1
3c0e60c4-176e-2c4c-4573-67ed3d149c72,3c0e60c4-176e-2c4c-3b85-b46be390cf5e,2024-01-11T18:39:12Z,60,F,58.2,10.0,21.0,104.0,,,78.4,,,,,,,3.9,141.6,,7.8,2,1
3c0e60c4-176e-2c4c-49b1-d513537f62e7,3c0e60c4-176e-2c4c-3b85-b46be390cf5e,2016-12-09T18:39:12Z,52,F,54.7,9.9,21.2,109.7,,,77.9,,,,,,,4.8,139.1,,16.8,2,1
3c0e60c4-176e-2c4c-6aa1-03dd4a17d88e,3c0e60c4-176e-2c4c-3b85-b46be390cf5e,2020-12-17T18:39:12Z,56,F,23.7,9.6,21.9,105.1,,,83.1,,,,,,,4.5,140.7,,16.0,1,1
3c0e60c4-176e-2c4c-7362-774178171ee6,3c0e60c4-176e-2c4c-3b85-b46be390cf5e,2024-01-07T15:52:37Z,60,F,20.5,10.0,21.0,104.0,5.1,,78.4,,35.0,11.5,3.9,95.1,424.7,3.9,141.6,,7.8,5,1
3c0e60c4-176e-2c4c-86de-10f3d9c2cc0c,3c0e60c4-176e-2c4c-3b85-b46be390cf5e,2026-01-08T18:39:12Z,62,F,,,,,4.3,,,,42.3,16.4,8.8,81.8,287.1,,,,,1,1
3c0e60c4-176e-2c4c-b91f-cb8d6177d6a9,3c0e60c4-176e-2c4c-3b85-b46be390cf5e,2019-12-09T18:39:12Z,55,F,55.7,9.6,26.5,104.9,,,74.6,,,,,,,4.1,141.1,,13.4,0,0
3c0e60c4-176e-2c4c-bcae-2a639da493e7,3c0e60c4-176e-2c4c-3b85-b46be390cf5e,2018-12-09T18:39:12Z,54,F,33.4,8.7,24.0,104.4,,,72.7,,,,,,,5.1,137.9,,10.2,1,1
3c0e60c4-176e-2c4c-ea57-28f16fd723dc,3c0e60c4-176e-2c4c-3b85-b46be390cf5e,2020-12-10T18:39:12Z,56,F,,,,,4.6,,,,42.6,16.6,5.2,94.9,368.4,,,,,1,1
3eec36b2-71cc-13c4-2b66-f2b4422c060e,3eec36b2-71cc-13c4-489a-495c45318bc3,2023-04-06T18:16:45Z,29,F,,9.5,28.5,107.1,,,65.3,6.3,,,,,,3.9,136.4,,19.7,3,1
3eec36b2-71cc-13c4-3181-2dd4a5dcda70,3eec36b2-71cc-13c4-489a-495c45318bc3,2023-04-20T18:16:45Z,29,F,,9.2,21.5,108.3,,,75.7,6.0,,,,,,3.8,139.6,,12.2,3,1
3eec36b2-71cc-13c4-340a-812abd667586,3eec36b2-71cc-13c4-489a-495c45318bc3,2021-04-08T18:16:45Z,27,F,,,,,4.8,,,,48.2,12.1,7.9,82.2,330.9,,,,,1,1
3eec36b2-71cc-13c4-4883-d06e8e3e6b80,3eec36b2-71cc-13c4-489a-495c45318bc3,2022-04-14T18:16:45Z,28,F,,8.6,28.1,105.1,,,72.4,5.9,,,,,,3.8,142.2,,17.4,1,1
3eec36b2-71cc-13c4-69e5-a342dfb25e60,3eec36b2-71cc-13c4-489a-495c45318bc3,2026-05-07T18:16:45Z,32,F,,10.1,23.5,103.3,5.5,,84.4,6.2,39.5,14.8,8.2,90.4,154.6,4.9,139.9,,11.5,2,1
3eec36b2-71cc-13c4-a7d7-364bd2a4c771,3eec36b2-71cc-13c4-489a-495c45318bc3,2022-04-21T18:16:45Z,28,F,,,,,4.3,,,,,11.2,9.6,81.5,162.6,,,,,1,1
3eec36b2-71cc-13c4-c723-d1f522ecb283,3eec36b2-71cc-13c4-489a-495c45318bc3,2025-05-01T18:16:45Z,31,F,,8.7,28.8,105.5,,,75.1,6.0,,,,,,3.7,143.1,,10.0,1,1
3eec36b2-71cc-13c4-f940-f7f7e0157a12,3eec36b2-71cc-13c4-489a-495c45318bc3,2024-04-25T18:16:45Z,30,F,,8.9,22.7,108.8,,,67.2,6.0,,,,,,3.8,140.2,,11.0,4,1
3fa46c70-b194-f14c-a0e4-ec253b9de38f,3fa46c70-b194-f14c-3d51-e06cfa4bb9e2,2017-05-06T02:58:30Z,22,M,,,,,4.0,,,,41.8,16.8,5.7,90.1,427.0,,,,,1,1
3fa46c70-b194-f14c-a268-e3d19cc89b3d,3fa46c70-b194-f14c-3d51-e06cfa4bb9e2,2023-05-13T02:58:30Z,28,M,,,,,4.8,,,,46.9,14.0,5.9,94.2,278.1,,,,,0,0
46fcc34a-97a1-f038-d193-226822c2b206,46fcc34a-97a1-f038-9bb1-4ae87116ae61,2018-09-19T02:56:05Z,33,F,,,,,4.2,,,,37.0,16.1,10.2,80.4,297.2,,,,,1,1
46fcc34a-97a1-f038-d625-857794e18e71,46fcc34a-97a1-f038-9bb1-4ae87116ae61,2023-10-18T02:56:05Z,38,F,,,,,4.2,,,,38.8,14.2,4.6,87.9,280.6,,,,,0,0
4be6b5fb-2a19-943a-06e6-0fd51ae44f96,4be6b5fb-2a19-943a-9249-7068445be4cc,2023-02-28T21:18:15Z,52,M,,8.8,21.0,101.5,4.0,,100.0,5.9,36.4,16.3,7.1,92.8,183.9,4.6,141.3,,7.2,5,1
4be6b5fb-2a19-943a-102f-733b295d930c,4be6b5fb-2a19-943a-9249-7068445be4cc,2018-02-27T21:18:15Z,47,M,,8.9,24.1,106.4,,,82.5,6.2,,,,,,5.2,140.8,,9.8,3,1
4be6b5fb-2a19-943a-1ecf-b07c5b4bee3b,4be6b5fb-2a19-943a-9249-7068445be4cc,2021-02-16T21:18:15Z,50,M,,10.0,26.5,107.6,,,66.9,6.1,,,,,,4.6,137.4,,7.3,3,1
4be6b5fb-2a19-943a-48ed-3fce02959351,4be6b5fb-2a19-943a-9249-7068445be4cc,2024-03-05T21:18:15Z,53,M,,9.6,25.9,102.3,,,95.7,6.1,,,,,,4.8,143.8,,7.1,1,1
4be6b5fb-2a19-943a-4f16-9cef724ab4b3,4be6b5fb-2a19-943a-9249-7068445be4cc,2019-03-12T21:18:15Z,48,M,,8.6,21.9,104.0,,,98.3,6.2,,,,,,4.5,139.7,,13.7,2,1
4be6b5fb-2a19-943a-58be-d5d87d44ce34,4be6b5fb-2a19-943a-9249-7068445be4cc,2026-05-26T21:18:15Z,55,M,,9.1,23.5,107.9,,,94.4,6.4,,,,,,5.1,142.0,,19.6,3,1
4be6b5fb-2a19-943a-5f5e-0880dfe43e74,4be6b5fb-2a19-943a-9249-7068445be4cc,2026-03-17T21:18:15Z,55,M,,9.4,24.9,106.4,,,93.1,6.2,,,,,,4.0,141.2,,12.0,2,1
4be6b5fb-2a19-943a-84bd-d07216882458,4be6b5fb-2a19-943a-9249-7068445be4cc,2026-05-19T21:18:15Z,55,M,,,,,,,,6.1,,,,,,,,,,1,1
4be6b5fb-2a19-943a-8730-bee21a2213fa,4be6b5fb-2a19-943a-9249-7068445be4cc,2017-03-07T21:18:15Z,46,M,,9.7,22.2,108.2,3.9,,66.2,6.0,38.5,13.2,4.2,94.0,310.1,4.8,143.7,,16.7,7,1
4be6b5fb-2a19-943a-a6ba-f19d05e781bf,4be6b5fb-2a19-943a-9249-7068445be4cc,2026-06-23T21:18:15Z,55,M,,9.6,24.8,108.4,,,68.7,6.2,,,,,,5.1,136.4,,12.0,4,1
4be6b5fb-2a19-943a-e08c-d2875ef7d901,4be6b5fb-2a19-943a-9249-7068445be4cc,2025-03-11T21:18:15Z,54,M,,9.0,27.5,108.5,,,71.2,5.9,,,,,,3.9,143.8,,17.7,2,1
4be6b5fb-2a19-943a-e9c2-e4d66044907e,4be6b5fb-2a19-943a-9249-7068445be4cc,2026-05-12T21:18:15Z,55,M,,9.5,26.2,107.7,,,91.9,6.4,,,,,,4.1,139.3,,11.5,2,1
4be6b5fb-2a19-943a-fdaf-9df845cf3d7f,4be6b5fb-2a19-943a-9249-7068445be4cc,2022-02-22T21:18:15Z,51,M,,9.7,21.9,108.1,,,75.8,6.0,,,,,,4.8,138.8,,14.3,3,1
5693c080-f485-91e7-004f-7dd9fe101f30,5693c080-f485-91e7-54b9-ad9a8c12af62,2025-12-28T23:50:14Z,52,M,,8.9,28.6,109.4,,,85.6,,,,,,,5.0,136.9,,17.4,1,1
5693c080-f485-91e7-034b-3de865cc2797,5693c080-f485-91e7-54b9-ad9a8c12af62,2026-06-07T23:50:14Z,53,M,,9.3,22.1,106.7,,,73.4,,,,,,,4.6,136.2,,12.7,2,1
5693c080-f485-91e7-0551-1d90530afd21,5693c080-f485-91e7-54b9-ad9a8c12af62,2021-11-14T23:50:14Z,48,M,,9.5,23.9,110.0,,,79.7,,,,,,,5.1,142.0,,10.0,2,1
5693c080-f485-91e7-08be-99c241180048,5693c080-f485-91e7-54b9-ad9a8c12af62,2021-10-17T23:50:14Z,48,M,,9.4,20.3,105.5,,,80.9,,,,,,,4.1,139.1,,18.8,1,1
5693c080-f485-91e7-0a16-21c3a2966b3b,5693c080-f485-91e7-54b9-ad9a8c12af62,2026-03-29T23:50:14Z,53,M,,10.1,21.6,110.1,,,81.2,,,,,,,4.8,143.4,,17.1,2,1
5693c080-f485-91e7-0cff-74234d4364ac,5693c080-f485-91e7-54b9-ad9a8c12af62,2026-04-05T23:50:14Z,53,M,,9.4,25.2,103.1,,,81.6,,,,,,,4.6,136.4,,10.3,0,0
5693c080-f485-91e7-0e74-0981cb317cab,5693c080-f485-91e7-54b9-ad9a8c12af62,2026-07-12T23:50:14Z,53,M,,10.1,24.8,104.8,,,67.4,,,,,,,3.9,142.6,,9.0,1,1
5693c080-f485-91e7-123e-b622ac2958fe,5693c080-f485-91e7-54b9-ad9a8c12af62,2025-07-20T23:50:14Z,52,M,,9.1,29.0,108.0,,,68.5,,,,,,,3.8,139.8,,10.2,2,1
5693c080-f485-91e7-16a2-7bfc60dc4738,5693c080-f485-91e7-54b9-ad9a8c12af62,2018-12-02T23:50:14Z,45,M,,9.1,26.4,101.8,,,86.0,,,,,,,4.0,136.7,,19.6,0,0
5693c080-f485-91e7-1b74-3d2497220e99,5693c080-f485-91e7-54b9-ad9a8c12af62,2021-05-16T23:50:14Z,48,M,,8.6,26.3,108.6,,,94.0,,,,,,,4.8,139.7,,13.2,1,1
5693c080-f485-91e7-1bae-e1c7ee79ce81,5693c080-f485-91e7-54b9-ad9a8c12af62,2021-08-15T23:50:14Z,48,M,,8.9,27.8,107.0,,,98.2,,,,,,,4.1,139.1,,17.7,1,1
5693c080-f485-91e7-2295-9ebc819b7573,5693c080-f485-91e7-54b9-ad9a8c12af62,2025-06-29T23:50:14Z,52,M,,8.9,21.4,109.4,,,98.3,,,,,,,5.1,142.8,,14.7,3,1
5693c080-f485-91e7-23dd-922afabbd9e4,5693c080-f485-91e7-54b9-ad9a8c12af62,2026-07-05T23:50:14Z,53,M,,9.6,26.6,106.7,,,75.2,,,,,,,4.3,139.2,,7.9,1,1
5693c080-f485-91e7-24f7-6e1c832c46ae,5693c080-f485-91e7-54b9-ad9a8c12af62,2023-10-08T06:40:01Z,50,M,17.1,10.0,22.4,101.2,4.5,,98.4,,43.2,13.1,3.5,95.6,391.2,4.4,140.7,2.9,11.5,3,1
5693c080-f485-91e7-27eb-bc9427f9f697,5693c080-f485-91e7-54b9-ad9a8c12af62,2025-06-15T23:50:14Z,52,M,,9.3,25.3,103.3,,,98.1,,,,,,,5.0,143.7,,13.1,0,0
5693c080-f485-91e7-29bf-6ebe26e532d8,5693c080-f485-91e7-54b9-ad9a8c12af62,2026-04-19T23:50:14Z,53,M,,9.8,21.7,103.4,,,64.2,,,,,,,4.8,138.2,,7.5,2,1
5693c080-f485-91e7-2b8e-3766984e0ded,5693c080-f485-91e7-54b9-ad9a8c12af62,2026-05-03T23:50:14Z,53,M,,9.0,20.4,108.0,,,69.7,,,,,,,5.0,142.2,,7.9,3,1
5693c080-f485-91e7-3fd3-a7cb9c4518f6,5693c080-f485-91e7-54b9-ad9a8c12af62,2026-08-16T23:50:14Z,53,M,,9.1,21.0,101.5,,,67.7,,,,,,,4.7,142.8,,19.1,2,1
5693c080-f485-91e7-3ff0-793ab6c45796,5693c080-f485-91e7-54b9-ad9a8c12af62,2020-06-21T23:50:14Z,47,M,,8.9,24.1,106.8,,,82.7,,,,,,,4.8,142.6,,11.3,1,1
5693c080-f485-91e7-4137-b9b3a772bc0e,5693c080-f485-91e7-54b9-ad9a8c12af62,2026-02-15T23:50:14Z,53,M,,9.0,21.6,109.0,,,74.9,,,,,,,4.1,139.2,,13.5,2,1
5693c080-f485-91e7-4331-b0368ba8a639,5693c080-f485-91e7-54b9-ad9a8c12af62,2023-09-03T23:50:14Z,50,M,,9.5,28.0,104.5,,,97.4,,,,,,,5.1,142.6,,10.7,1,1
5693c080-f485-91e7-4732-8f092674410a,5693c080-f485-91e7-54b9-ad9a8c12af62,2025-10-05T23:50:14Z,52,M,,8.6,25.7,101.2,,,67.3,,,,,,,4.3,140.5,,11.7,1,1
5693c080-f485-91e7-4b3d-daa1f9f59aec,5693c080-f485-91e7-54b9-ad9a8c12af62,2025-11-30T23:50:14Z,52,M,,9.4,23.7,104.1,,,78.6,,,,,,,4.3,143.6,,13.3,0,0
5693c080-f485-91e7-4cf1-6353996906ef,5693c080-f485-91e7-54b9-ad9a8c12af62,2022-05-22T23:50:14Z,49,M,,8.5,27.4,106.7,,,68.4,,,,,,,5.0,140.7,,10.2,2,1
5693c080-f485-91e7-4ea1-f60e44f2d024,5693c080-f485-91e7-54b9-ad9a8c12af62,2025-08-24T23:50:14Z,52,M,,10.0,20.1,104.2,,,76.2,,,,,,,4.3,136.6,,14.4,1,1
5693c080-f485-91e7-5070-33c6eec97be5,5693c080-f485-91e7-54b9-ad9a8c12af62,2024-07-28T23:50:14Z,51,M,,10.1,23.7,104.9,,,67.6,,,,,,,3.8,140.2,,16.9,1,1
5693c080-f485-91e7-5492-ccc24cb6399c,5693c080-f485-91e7-54b9-ad9a8c12af62,2025-10-19T23:50:14Z,52,M,,9.0,24.6,104.5,,,69.9,,,,,,,4.9,137.3,,7.2,1,1
5693c080-f485-91e7-5727-ac22739913a3,5693c080-f485-91e7-54b9-ad9a8c12af62,2018-09-30T23:50:14Z,45,M,,9.6,20.2,104.2,,,96.5,,,,,,,4.7,137.3,,7.2,1,1
5693c080-f485-91e7-5892-98dbd1e5b6a6,5693c080-f485-91e7-54b9-ad9a8c12af62,2022-06-19T23:50:14Z,49,M,,8.7,27.3,105.8,,,67.0,,,,,,,4.2,143.0,,16.7,1,1
5693c080-f485-91e7-5adf-5eb510ff9305,5693c080-f485-91e7-54b9-ad9a8c12af62,2025-06-01T23:50:14Z,52,M,,9.1,24.6,102.8,,,79.3,,,,,,,5.1,142.9,,14.2,1,1
5693c080-f485-91e7-5b7f-d47811499ef6,5693c080-f485-91e7-54b9-ad9a8c12af62,2025-11-16T23:50:14Z,52,M,,9.5,20.3,101.9,,,99.5,,,,,,,5.1,139.2,,10.7,3,1
5693c080-f485-91e7-5bf9-55394374a359,5693c080-f485-91e7-54b9-ad9a8c12af62,2026-02-08T23:50:14Z,53,M,,9.9,21.3,108.6,,,76.8,,,,,,,4.2,143.1,,17.0,2,1
5693c080-f485-91e7-5cd7-5693d8b26122,5693c080-f485-91e7-54b9-ad9a8c12af62,2019-10-27T23:50:14Z,46,M,,9.6,22.0,106.0,,,69.2,,,,,,,3.8,140.1,,13.0,2,1
5693c080-f485-91e7-5e1d-015254d67162,5693c080-f485-91e7-54b9-ad9a8c12af62,2025-10-12T23:50:14Z,52,M,,9.1,26.9,103.1,,,68.6,,,,,,,3.7,140.9,,11.2,1,1
5693c080-f485-91e7-5fd7-55b2ff2b152a,5693c080-f485-91e7-54b9-ad9a8c12af62,2025-11-02T23:50:14Z,52,M,,10.1,24.6,107.7,,,96.0,,,,,,,4.1,139.6,,10.3,1,1
5693c080-f485-91e7-60d7-02a9dbc031d7,5693c080-f485-91e7-54b9-ad9a8c12af62,2021-05-23T23:50:14Z,48,M,,9.5,25.0,107.0,,,94.4,,,,,,,4.2,138.7,,13.1,1,1
5693c080-f485-91e7-624a-95829a0defc7,5693c080-f485-91e7-54b9-ad9a8c12af62,2026-06-14T23:50:14Z,53,M,,9.5,24.8,108.8,,,72.1,,,,,,,4.0,142.8,,18.3,1,1
5693c080-f485-91e7-6467-2dfff77d136f,5693c080-f485-91e7-54b9-ad9a8c12af62,2024-04-28T23:50:14Z,51,M,,9.2,28.5,103.8,,,84.1,,,,,,,3.8,137.4,,18.6,0,0
5693c080-f485-91e7-6473-03dfbee628e3,5693c080-f485-91e7-54b9-ad9a8c12af62,2025-06-08T23:50:14Z,52,M,,9.5,27.8,101.7,,,92.1,,,,,,,4.3,141.5,,7.2,0,0
5693c080-f485-91e7-6b79-dae2069f547b,5693c080-f485-91e7-54b9-ad9a8c12af62,2025-09-07T23:50:14Z,52,M,,10.1,21.4,101.8,,,67.6,,,,,,,4.8,136.5,,13.0,2,1
5693c080-f485-91e7-6c95-3ec83f8da3a3,5693c080-f485-91e7-54b9-ad9a8c12af62,2026-04-26T23:50:14Z,53,M,,9.5,21.2,108.0,,,75.9,,,,,,,3.9,136.2,,15.2,2,1
5693c080-f485-91e7-6f0d-5cce7824b373,5693c080-f485-91e7-54b9-ad9a8c12af62,2026-08-09T23:50:14Z,53,M,,10.2,27.0,105.6,,,84.2,,,,,,,4.7,142.7,,13.3,0,0
5693c080-f485-91e7-6f47-bab6657d8417,5693c080-f485-91e7-54b9-ad9a8c12af62,2026-01-11T23:50:14Z,53,M,,9.8,25.0,102.2,,,78.9,,,,,,,4.7,141.5,,19.3,0,0
5693c080-f485-91e7-6f8c-f2fa084ea40d,5693c080-f485-91e7-54b9-ad9a8c12af62,2022-11-06T23:50:14Z,49,M,,8.7,21.4,102.7,,,92.5,,,,,,,4.8,141.6,,12.3,1,1
5693c080-f485-91e7-71d5-aa84c2a5fac7,5693c080-f485-91e7-54b9-ad9a8c12af62,2017-01-01T23:50:14Z,44,M,,9.9,26.4,103.6,,,97.0,6.4,,,,,,4.1,138.8,,11.2,1,1
5693c080-f485-91e7-72d4-4245f58abd50,5693c080-f485-91e7-54b9-ad9a8c12af62,2025-07-06T23:50:14Z,52,M,,9.3,28.6,103.3,,,94.3,,,,,,,3.9,141.6,,7.3,0,0
5693c080-f485-91e7-747d-616456a1bde8,5693c080-f485-91e7-54b9-ad9a8c12af62,2026-05-10T23:50:14Z,53,M,,9.5,24.9,108.7,,,78.4,,,,,,,4.9,141.2,,11.7,1,1
5693c080-f485-91e7-7489-44956e8f91f8,5693c080-f485-91e7-54b9-ad9a8c12af62,2025-06-22T23:50:14Z,52,M,,9.9,25.3,106.0,,,89.5,,,,,,,4.7,142.0,,10.4,0,0
5693c080-f485-91e7-76b9-019244d1a38d,5693c080-f485-91e7-54b9-ad9a8c12af62,2019-12-22T23:50:14Z,46,M,,9.1,20.3,102.0,,,98.5,,,,,,,4.1,143.3,,12.2,1,1
5693c080-f485-91e7-7bbe-c1ab1b38bf9d,5693c080-f485-91e7-54b9-ad9a8c12af62,2026-04-12T23:50:14Z,53,M,,10.0,20.1,104.9,,,97.9,,,,,,,3.8,136.9,,18.2,1,1
5693c080-f485-91e7-80b7-b9c6d63a6bd6,5693c080-f485-91e7-54b9-ad9a8c12af62,2025-11-09T23:50:14Z,52,M,,10.0,24.3,104.1,,,86.7,,,,,,,5.1,137.2,,15.6,1,1
5693c080-f485-91e7-82bd-031de9785457,5693c080-f485-91e7-54b9-ad9a8c12af62,2023-05-28T23:50:14Z,50,M,,8.7,26.0,107.9,5.1,,98.6,,39.6,13.5,3.9,94.6,263.2,3.7,140.0,,7.1,4,1
5693c080-f485-91e7-86e8-a4777be05afb,5693c080-f485-91e7-54b9-ad9a8c12af62,2025-08-03T23:50:14Z,52,M,,9.7,28.5,102.3,,,84.4,,,,,,,4.3,137.8,,17.2,0,0
5693c080-f485-91e7-89fc-f43f764cb6a5,5693c080-f485-91e7-54b9-ad9a8c12af62,2026-02-01T23:50:14Z,53,M,,8.7,20.4,106.3,,,89.7,,,,,,,4.4,138.1,,8.6,2,1
5693c080-f485-91e7-8bdf-409835149bed,5693c080-f485-91e7-54b9-ad9a8c12af62,2025-09-28T23:50:14Z,52,M,,8.7,25.6,106.5,,,68.6,,,,,,,4.8,143.4,,15.7,2,1
5693c080-f485-91e7-8db8-42e5c59f0c39,5693c080-f485-91e7-54b9-ad9a8c12af62,2025-12-21T23:50:14Z,52,M,,9.7,27.2,103.6,,,79.7,,,,,,,5.2,136.8,,18.7,1,1
5693c080-f485-91e7-8fc6-9debaf65a3f8,5693c080-f485-91e7-54b9-ad9a8c12af62,2020-09-20T23:50:14Z,47,M,,8.6,26.9,101.0,,,95.9,,,,,,,4.0,137.3,,7.8,0,0
5693c080-f485-91e7-90b3-f232dde54da1,5693c080-f485-91e7-54b9-ad9a8c12af62,2026-06-21T23:50:14Z,53,M,,10.1,27.1,103.7,,,71.7,,,,,,,4.4,138.9,,16.7,0,0
5693c080-f485-91e7-93ff-ef1d9821fe5c,5693c080-f485-91e7-54b9-ad9a8c12af62,2018-04-29T23:50:14Z,45,M,,8.6,29.0,102.5,4.5,,87.3,,43.9,14.5,9.7,91.4,339.6,4.9,137.7,,19.9,0,0
5693c080-f485-91e7-981e-5d157ae12974,5693c080-f485-91e7-54b9-ad9a8c12af62,2025-12-07T23:50:14Z,52,M,,9.0,27.0,105.6,,,95.6,,,,,,,4.2,139.5,,13.5,0,0
5693c080-f485-91e7-9897-235847e014d5,5693c080-f485-91e7-54b9-ad9a8c12af62,2026-03-15T23:50:14Z,53,M,,8.9,21.2,106.6,,,81.8,,,,,,,3.9,139.6,,18.6,2,1
5693c080-f485-91e7-9dff-fe3bf78f6e18,5693c080-f485-91e7-54b9-ad9a8c12af62,2019-05-05T23:50:14Z,46,M,,10.1,28.5,104.5,,,79.1,,,,,,,4.2,143.8,,10.3,0,0
5693c080-f485-91e7-9eb9-1c504b89ffae,5693c080-f485-91e7-54b9-ad9a8c12af62,2025-05-11T23:50:14Z,52,M,,8.9,22.8,107.4,,,90.8,,,,,,,4.7,143.2,,11.4,2,1
5693c080-f485-91e7-a439-311484e63827,5693c080-f485-91e7-54b9-ad9a8c12af62,2025-04-13T23:50:14Z,52,M,,8.8,23.2,105.4,,,97.7,,,,,,,3.7,139.1,,8.8,0,0
5693c080-f485-91e7-a4a1-9872c1e148a9,5693c080-f485-91e7-54b9-ad9a8c12af62,2026-07-19T23:50:14Z,53,M,,10.1,25.3,104.9,,,73.3,,,,,,,4.2,136.6,,8.5,0,0
5693c080-f485-91e7-a953-e31a68ed5402,5693c080-f485-91e7-54b9-ad9a8c12af62,2026-03-22T23:50:14Z,53,M,,8.9,25.6,110.8,,,86.3,,,,,,,4.0,137.7,,9.3,1,1
5693c080-f485-91e7-ac17-a9bfb75ed20d,5693c080-f485-91e7-54b9-ad9a8c12af62,2025-11-23T23:50:14Z,52,M,,10.1,24.0,108.3,,,83.1,,,,,,,4.5,136.3,,15.2,1,1
5693c080-f485-91e7-aca5-32aee652e771,5693c080-f485-91e7-54b9-ad9a8c12af62,2026-08-02T23:50:14Z,53,M,,10.2,22.1,101.8,,,68.4,,,,,,,5.1,141.3,,14.0,3,1
5693c080-f485-91e7-b01a-b761da138d96,5693c080-f485-91e7-54b9-ad9a8c12af62,2025-04-27T23:50:14Z,52,M,,8.6,21.5,110.2,,,92.0,,,,,,,3.8,140.4,,11.9,2,1
5693c080-f485-91e7-b2e4-d983aadd710b,5693c080-f485-91e7-54b9-ad9a8c12af62,2025-07-13T23:50:14Z,52,M,,9.5,23.6,109.5,,,86.3,,,,,,,4.0,141.5,,9.8,1,1
5693c080-f485-91e7-b4f0-4e8972de91b2,5693c080-f485-91e7-54b9-ad9a8c12af62,2021-07-18T23:50:14Z,48,M,,8.8,27.9,101.7,,,95.1,,,,,,,4.3,136.8,,14.8,0,0
5693c080-f485-91e7-b568-563711e9477b,5693c080-f485-91e7-54b9-ad9a8c12af62,2026-01-04T23:50:14Z,53,M,,9.8,21.2,107.4,,,96.5,,,,,,,4.4,142.3,,12.8,2,1
5693c080-f485-91e7-b60b-1358639543c0,5693c080-f485-91e7-54b9-ad9a8c12af62,2017-04-23T23:50:14Z,44,M,,9.5,24.8,105.9,,,71.5,,,,,,,4.0,142.9,,9.0,0,0
5693c080-f485-91e7-b717-03a877c82e5e,5693c080-f485-91e7-54b9-ad9a8c12af62,2026-03-01T23:50:14Z,53,M,,9.5,28.3,107.0,,,79.8,,,,,,,4.7,143.0,,15.8,1,1
5693c080-f485-91e7-bcb8-528126589a71,5693c080-f485-91e7-54b9-ad9a8c12af62,2022-06-12T23:50:14Z,49,M,,9.9,28.8,109.9,,,89.4,,,,,,,4.4,140.8,,8.5,1,1
5693c080-f485-91e7-bd2e-670dbabf2e76,5693c080-f485-91e7-54b9-ad9a8c12af62,2025-12-14T23:50:14Z,52,M,,10.0,26.1,110.5,,,98.7,,,,,,,3.9,140.9,,10.5,1,1
5693c080-f485-91e7-bda4-b35ab8f532ff,5693c080-f485-91e7-54b9-ad9a8c12af62,2025-08-10T23:50:14Z,52,M,,9.5,27.7,106.1,,,72.5,,,,,,,4.9,138.2,,13.5,1,1
5693c080-f485-91e7-bfa1-7c5a31b329ab,5693c080-f485-91e7-54b9-ad9a8c12af62,2026-03-08T23:50:14Z,53,M,,8.6,24.7,108.8,,,67.1,,,,,,,3.9,140.6,,14.0,2,1
5693c080-f485-91e7-c457-7123951dd9a4,5693c080-f485-91e7-54b9-ad9a8c12af62,2026-05-31T23:50:14Z,53,M,,9.4,20.8,109.8,,,93.0,,,,,,,4.4,139.2,,17.5,2,1
5693c080-f485-91e7-c5bb-d67b926205e5,5693c080-f485-91e7-54b9-ad9a8c12af62,2025-05-04T23:50:14Z,52,M,,9.3,23.1,107.0,,,64.6,,,,,,,4.7,140.6,,10.2,2,1
5693c080-f485-91e7-c7db-571f996cfd66,5693c080-f485-91e7-54b9-ad9a8c12af62,2026-06-28T23:50:14Z,53,M,,9.8,24.0,109.9,,,92.5,,,,,,,4.5,140.1,,12.1,1,1
5693c080-f485-91e7-c883-9f1aa4792250,5693c080-f485-91e7-54b9-ad9a8c12af62,2025-10-26T23:50:14Z,52,M,,9.8,28.2,106.7,,,70.0,,,,,,,4.6,139.4,,18.8,1,1
5693c080-f485-91e7-cd16-2bf6edcdd350,5693c080-f485-91e7-54b9-ad9a8c12af62,2026-01-25T23:50:14Z,53,M,,9.9,24.1,110.2,,,75.0,,,,,,,4.8,138.5,,13.0,1,1
5693c080-f485-91e7-d100-588719f55734,5693c080-f485-91e7-54b9-ad9a8c12af62,2019-06-30T23:50:14Z,46,M,,9.7,28.1,102.3,,,80.2,,,,,,,4.2,142.3,,17.3,0,0
5693c080-f485-91e7-d164-6aa580934907,5693c080-f485-91e7-54b9-ad9a8c12af62,2025-05-18T23:50:14Z,52,M,,8.6,20.3,107.2,,,72.5,,,,,,,4.9,139.9,,13.0,2,1
5693c080-f485-91e7-d382-1105552e9144,5693c080-f485-91e7-54b9-ad9a8c12af62,2025-08-17T23:50:14Z,52,M,,9.0,20.7,103.6,,,86.6,,,,,,,4.3,139.0,,16.7,1,1
5693c080-f485-91e7-d59e-825579665ebf,5693c080-f485-91e7-54b9-ad9a8c12af62,2025-05-25T23:50:14Z,52,M,,9.4,26.3,102.4,,,86.4,,,,,,,3.9,136.3,,9.8,0,0
5693c080-f485-91e7-d65c-4181cd25f860,5693c080-f485-91e7-54b9-ad9a8c12af62,2026-01-18T23:50:14Z,53,M,,10.1,28.1,110.4,,,66.7,,,,,,,5.0,137.6,,10.0,2,1
5693c080-f485-91e7-d891-754be4002310,5693c080-f485-91e7-54b9-ad9a8c12af62,2025-09-14T23:50:14Z,52,M,,10.1,24.7,104.0,,,86.0,,,,,,,4.0,141.0,,9.8,0,0
5693c080-f485-91e7-e065-5fdc37452de5,5693c080-f485-91e7-54b9-ad9a8c12af62,2025-09-21T23:50:14Z,52,M,,9.9,23.4,103.4,,,83.1,,,,,,,4.7,138.7,,7.1,0,0
5693c080-f485-91e7-e348-bce2765ff5c4,5693c080-f485-91e7-54b9-ad9a8c12af62,2025-07-27T23:50:14Z,52,M,,9.0,27.6,102.2,,,90.1,,,,,,,4.5,138.8,,19.1,0,0
5693c080-f485-91e7-e9fa-6167e5b46a2f,5693c080-f485-91e7-54b9-ad9a8c12af62,2026-05-17T23:50:14Z,53,M,,9.7,26.0,109.5,,,76.4,,,,,,,4.9,143.5,,13.0,1,1
5693c080-f485-91e7-eb36-9a13913db62c,5693c080-f485-91e7-54b9-ad9a8c12af62,2025-04-20T23:50:14Z,52,M,,9.3,23.9,106.2,,,65.5,,,,,,,3.8,140.3,,8.9,2,1
5693c080-f485-91e7-ee79-8b7773bf61ab,5693c080-f485-91e7-54b9-ad9a8c12af62,2026-05-24T23:50:14Z,53,M,,9.8,20.1,108.4,,,92.0,,,,,,,3.7,142.3,,10.1,2,1
5693c080-f485-91e7-f14d-4a441626bcfa,5693c080-f485-91e7-54b9-ad9a8c12af62,2024-06-02T23:50:14Z,51,M,,9.7,20.8,101.6,,,74.6,,,,,,,3.7,140.6,,14.4,1,1
5693c080-f485-91e7-f2ec-14abfb3a8219,5693c080-f485-91e7-54b9-ad9a8c12af62,2026-07-26T23:50:14Z,53,M,,10.1,20.9,104.5,,,89.0,,,,,,,5.1,143.5,,8.1,2,1
5693c080-f485-91e7-f8e0-eaa515864eaa,5693c080-f485-91e7-54b9-ad9a8c12af62,2020-05-10T23:50:14Z,47,M,,8.7,21.7,102.5,,,68.9,,,,,,,5.1,140.6,,13.5,3,1
5693c080-f485-91e7-fcf7-131e1dfa24e8,5693c080-f485-91e7-54b9-ad9a8c12af62,2025-08-31T23:50:14Z,52,M,,9.0,20.5,103.0,,,74.7,,,,,,,5.2,143.9,,8.5,2,1
5693c080-f485-91e7-fd5f-192ce65dca7d,5693c080-f485-91e7-54b9-ad9a8c12af62,2017-09-03T23:50:14Z,44,M,,10.2,27.9,110.0,,,87.5,,,,,,,4.7,136.1,,15.6,1,1
5693c080-f485-91e7-fe95-0c0438e8002a,5693c080-f485-91e7-54b9-ad9a8c12af62,2026-02-22T23:50:14Z,53,M,,9.0,22.3,101.7,,,90.7,,,,,,,3.9,138.3,,10.9,1,1
57efda89-b582-bb08-033a-7b37ebb26d06,57efda89-b582-bb08-8a2d-e06b2c184bfc,2023-01-25T06:49:34Z,48,M,,9.3,20.2,109.5,,,103.7,4.1,,,,,,4.1,140.4,,18.9,3,1
57efda89-b582-bb08-056f-6042c1305dcc,57efda89-b582-bb08-8a2d-e06b2c184bfc,2021-11-12T18:36:34Z,46,M,36.4,9.8,24.8,107.6,,,113.7,,,,,,,4.4,141.4,,7.3,2,1
57efda89-b582-bb08-07c4-d89049cc5b01,57efda89-b582-bb08-8a2d-e06b2c184bfc,2024-02-16T16:28:34Z,49,M,37.9,9.7,20.3,101.1,,,118.2,,,,,,,3.7,138.2,,17.6,2,1
57efda89-b582-bb08-0c3d-8d460a65a819,57efda89-b582-bb08-8a2d-e06b2c184bfc,2020-10-21T06:49:34Z,45,M,,9.1,28.4,108.6,,,115.5,4.5,,,,,,4.6,142.3,,13.8,2,1
57efda89-b582-bb08-0f8f-738f82b2c3cb,57efda89-b582-bb08-8a2d-e06b2c184bfc,2022-02-16T06:49:34Z,47,M,,8.7,25.1,105.8,,,117.7,4.0,,,,,,3.7,139.1,,12.7,1,1
57efda89-b582-bb08-117e-8f5de0118c16,57efda89-b582-bb08-8a2d-e06b2c184bfc,2019-03-27T06:49:34Z,44,M,,8.6,28.7,108.0,,,105.4,4.3,,,,,,4.3,143.8,,18.7,2,1
57efda89-b582-bb08-136c-f6e8b006d9e2,57efda89-b582-bb08-8a2d-e06b2c184bfc,2023-04-26T09:47:34Z,48,M,29.1,8.9,20.1,107.5,,,121.3,,,,,,,3.8,140.1,,10.3,3,1
57efda89-b582-bb08-1423-9d3820d3fc47,57efda89-b582-bb08-8a2d-e06b2c184bfc,2023-02-15T06:49:34Z,48,M,,9.7,25.9,110.7,,,108.0,4.1,,,,,,4.5,137.7,,7.6,2,1
57efda89-b582-bb08-17ae-f6b8e81c9738,57efda89-b582-bb08-8a2d-e06b2c184bfc,2020-04-29T06:49:34Z,45,M,,9.3,25.8,105.3,,,119.2,4.4,,,,,,4.1,141.0,,8.0,1,1
57efda89-b582-bb08-17f7-73abf9d67d94,57efda89-b582-bb08-8a2d-e06b2c184bfc,2025-09-24T06:49:34Z,50,M,,8.8,25.9,110.4,,,102.1,4.5,,,,,,5.2,140.6,,13.9,3,1
57efda89-b582-bb08-1842-8e4b1d68ca29,57efda89-b582-bb08-8a2d-e06b2c184bfc,2024-05-01T10:26:34Z,49,M,22.4,9.2,20.8,104.7,,,102.2,,,,,,,4.5,142.2,,17.5,2,1
57efda89-b582-bb08-19e9-f4cd309eead1,57efda89-b582-bb08-8a2d-e06b2c184bfc,2024-05-15T06:49:34Z,49,M,,8.7,24.2,104.5,,,108.3,4.3,,,,,,3.9,141.2,,7.8,1,1
57efda89-b582-bb08-1b02-eb5575672191,57efda89-b582-bb08-8a2d-e06b2c184bfc,2022-07-06T06:49:34Z,47,M,,8.7,27.1,104.2,,,112.4,4.0,,,,,,3.9,142.0,,11.6,1,1
57efda89-b582-bb08-1bb6-9224b136e3c9,57efda89-b582-bb08-8a2d-e06b2c184bfc,2022-01-14T18:55:34Z,47,M,27.6,10.1,24.3,108.6,,,123.1,,,,,,,4.7,137.1,,8.8,2,1
57efda89-b582-bb08-21ab-6967da1e37b8,57efda89-b582-bb08-8a2d-e06b2c184bfc,2022-06-29T06:49:34Z,47,M,,8.7,23.5,106.8,,,124.4,4.0,,,,,,3.9,140.7,,10.3,2,1
57efda89-b582-bb08-2223-c16d748000d8,57efda89-b582-bb08-8a2d-e06b2c184bfc,2022-05-18T06:49:34Z,47,M,,10.0,20.1,107.9,,,109.0,4.0,,,,,,4.8,139.0,,20.0,3,1
57efda89-b582-bb08-22f8-74270d8952cb,57efda89-b582-bb08-8a2d-e06b2c184bfc,2020-06-24T06:49:34Z,45,M,,10.1,26.2,102.9,4.0,,109.3,4.4,47.8,17.3,5.5,88.4,346.7,4.9,139.0,,14.8,3,1
57efda89-b582-bb08-2319-484648897159,57efda89-b582-bb08-8a2d-e06b2c184bfc,2022-08-13T16:35:34Z,47,M,33.9,10.1,24.4,102.8,,,108.7,,,,,,,4.0,143.2,,8.8,1,1
57efda89-b582-bb08-232d-afa60b68bd97,57efda89-b582-bb08-8a2d-e06b2c184bfc,2024-03-18T22:29:34Z,49,M,23.8,9.4,24.3,106.7,,,112.7,,,,,,,5.2,141.1,,14.7,3,1
57efda89-b582-bb08-24e6-954d1566e3c3,57efda89-b582-bb08-8a2d-e06b2c184bfc,2026-03-11T06:49:34Z,51,M,,9.8,24.8,109.7,,,102.6,4.4,,,,,,5.1,143.2,,11.3,3,1
57efda89-b582-bb08-2518-6c6a5f252fb7,57efda89-b582-bb08-8a2d-e06b2c184bfc,2025-11-01T12:31:34Z,50,M,52.7,9.5,27.6,109.0,,,107.6,,,,,,,4.5,143.1,,15.0,2,1
57efda89-b582-bb08-2664-674ce062e334,57efda89-b582-bb08-8a2d-e06b2c184bfc,2021-12-08T06:49:34Z,46,M,,9.2,23.3,110.3,,,112.3,4.0,,,,,,4.7,143.1,,10.3,2,1
57efda89-b582-bb08-26e8-4f0e6f493f75,57efda89-b582-bb08-8a2d-e06b2c184bfc,2021-05-26T09:24:34Z,46,M,56.9,9.4,22.0,103.4,,,110.5,,,,,,,4.2,138.9,,8.2,3,1
57efda89-b582-bb08-2759-bef47addbe80,57efda89-b582-bb08-8a2d-e06b2c184bfc,2017-10-11T06:49:34Z,42,M,,9.1,24.5,107.5,,,116.2,4.0,,,,,,4.3,136.2,,18.5,2,1
57efda89-b582-bb08-2773-3f186493fa68,57efda89-b582-bb08-8a2d-e06b2c184bfc,2021-10-27T06:49:34Z,46,M,,8.9,24.6,104.8,,,101.8,4.0,,,,,,4.7,140.5,,10.4,1,1
57efda89-b582-bb08-2a68-284d5b91ee8c,57efda89-b582-bb08-8a2d-e06b2c184bfc,2023-08-09T10:33:34Z,48,M,41.9,10.0,25.9,109.0,,,110.9,,,,,,,4.5,141.3,,14.8,2,1
57efda89-b582-bb08-2b46-5b827ddff766,57efda89-b582-bb08-8a2d-e06b2c184bfc,2024-01-15T20:08:34Z,49,M,48.0,8.7,25.5,110.7,,,117.6,,,,,,,4.7,139.1,,17.9,2,1
57efda89-b582-bb08-2c43-70887a168d5d,57efda89-b582-bb08-8a2d-e06b2c184bfc,2022-12-14T06:49:34Z,47,M,,8.6,28.5,110.8,,,118.5,4.1,,,,,,4.8,142.3,,14.9,2,1
57efda89-b582-bb08-2d1f-2e409dc43337,57efda89-b582-bb08-8a2d-e06b2c184bfc,2026-07-29T06:49:34Z,51,M,,10.0,21.8,106.8,,,107.9,4.2,,,,,,5.0,143.0,,16.3,3,1
57efda89-b582-bb08-2d2c-a6a8f3d119d9,57efda89-b582-bb08-8a2d-e06b2c184bfc,2024-09-04T09:54:34Z,49,M,28.7,8.7,22.8,110.1,,,106.1,,,,,,,5.0,138.2,,13.6,3,1
57efda89-b582-bb08-2da0-b3fa3672de0f,57efda89-b582-bb08-8a2d-e06b2c184bfc,2018-10-03T06:49:34Z,43,M,,8.8,25.3,102.4,,,110.6,4.2,,,,,,4.3,140.8,,10.4,1,1
57efda89-b582-bb08-2dab-621c7dda5a02,57efda89-b582-bb08-8a2d-e06b2c184bfc,2024-10-04T20:44:34Z,49,M,43.9,8.6,20.5,104.5,,,116.4,,,,,,,5.1,138.7,,9.3,3,1
57efda89-b582-bb08-2ff7-d1ec97dd1914,57efda89-b582-bb08-8a2d-e06b2c184bfc,2024-07-24T08:53:34Z,49,M,24.0,8.5,25.9,101.5,,,115.2,,,,,,,4.9,140.2,,11.8,1,1
57efda89-b582-bb08-311c-d313d7544aae,57efda89-b582-bb08-8a2d-e06b2c184bfc,2026-01-28T06:49:34Z,51,M,,9.0,27.6,106.2,,,102.3,4.5,,,,,,4.5,143.8,,10.1,2,1
57efda89-b582-bb08-336c-f54831d62eac,57efda89-b582-bb08-8a2d-e06b2c184bfc,2025-06-07T15:35:34Z,50,M,46.4,10.0,21.7,111.0,,,123.3,,,,,,,3.9,142.7,,11.6,3,1
57efda89-b582-bb08-340d-f2ae5a882e8b,57efda89-b582-bb08-8a2d-e06b2c184bfc,2025-02-19T09:13:34Z,50,M,23.3,9.2,22.6,108.0,,,113.5,,,,,,,3.7,137.8,,19.1,3,1
57efda89-b582-bb08-35b1-c78c7c2c70de,57efda89-b582-bb08-8a2d-e06b2c184bfc,2025-01-22T06:49:34Z,50,M,,9.2,24.8,108.8,,,116.5,4.4,,,,,,4.2,140.1,,13.9,2,1
57efda89-b582-bb08-39b7-39bccd8de4ec,57efda89-b582-bb08-8a2d-e06b2c184bfc,2022-11-02T06:49:34Z,47,M,,9.5,26.4,110.4,,,106.9,4.1,,,,,,4.8,138.9,,14.0,2,1
57efda89-b582-bb08-3a94-324268b7a551,57efda89-b582-bb08-8a2d-e06b2c184bfc,2026-05-20T06:49:34Z,51,M,,9.1,23.8,106.7,,,102.5,4.3,,,,,,4.1,138.1,,9.7,2,1
57efda89-b582-bb08-3b50-2b561fef03dc,57efda89-b582-bb08-8a2d-e06b2c184bfc,2017-03-15T06:49:34Z,42,M,,9.7,24.6,108.2,,,115.3,4.0,,,,,,5.2,139.8,,11.8,3,1
57efda89-b582-bb08-3bc8-90e8edcb5b3e,57efda89-b582-bb08-8a2d-e06b2c184bfc,2018-01-10T06:49:34Z,43,M,,9.8,23.0,105.8,,,118.4,4.1,,,,,,4.2,142.0,,10.4,1,1
57efda89-b582-bb08-3e55-549ff5624476,57efda89-b582-bb08-8a2d-e06b2c184bfc,2019-04-03T06:49:34Z,44,M,,8.6,27.4,102.8,,,109.4,4.3,,,,,,4.3,141.1,,11.5,1,1
57efda89-b582-bb08-4137-0b48a3a8c5ef,57efda89-b582-bb08-8a2d-e06b2c184bfc,2018-04-04T06:49:34Z,43,M,,9.8,25.0,104.6,,,119.5,4.1,,,,,,5.0,139.7,,18.6,1,1
57efda89-b582-bb08-41e4-809fc54ba23b,57efda89-b582-bb08-8a2d-e06b2c184bfc,2023-11-08T06:49:34Z,48,M,,8.7,20.9,105.3,,,115.9,4.2,,,,,,4.5,136.4,,9.7,2,1
57efda89-b582-bb08-4218-d9957fce1922,57efda89-b582-bb08-8a2d-e06b2c184bfc,2018-10-31T06:49:34Z,43,M,,10.0,25.1,103.3,,,108.1,4.2,,,,,,4.8,143.6,,9.9,1,1
57efda89-b582-bb08-422d-097d8ebec7e7,57efda89-b582-bb08-8a2d-e06b2c184bfc,2017-10-04T06:49:34Z,42,M,,9.2,20.9,104.3,,,116.6,4.0,,,,,,5.1,136.2,,12.4,3,1
57efda89-b582-bb08-4367-91b38b2c41b7,57efda89-b582-bb08-8a2d-e06b2c184bfc,2021-01-20T06:49:34Z,46,M,,9.4,23.6,102.4,,,105.9,4.5,,,,,,3.9,142.0,,12.5,1,1
57efda89-b582-bb08-43f0-2416145eb223,57efda89-b582-bb08-8a2d-e06b2c184bfc,2017-09-27T06:49:34Z,42,M,,10.2,21.2,107.2,,,109.6,4.0,,,,,,5.2,142.7,,14.1,4,1
57efda89-b582-bb08-446f-bd7047023129,57efda89-b582-bb08-8a2d-e06b2c184bfc,2021-06-30T06:49:34Z,46,M,,10.2,28.2,104.0,,,113.9,4.2,,,,,,4.7,140.3,,18.9,1,1
57efda89-b582-bb08-447b-d02615e20e0f,57efda89-b582-bb08-8a2d-e06b2c184bfc,2019-12-25T06:49:34Z,44,M,,10.1,20.6,107.8,,,104.6,4.4,,,,,,4.3,136.9,,12.7,3,1
57efda89-b582-bb08-49e4-291dbf0ea91d,57efda89-b582-bb08-8a2d-e06b2c184bfc,2022-07-13T10:20:34Z,47,M,34.1,9.1,23.5,108.2,,,118.9,,,,,,,4.8,141.1,,17.5,2,1
57efda89-b582-bb08-4d30-b1f686c795cb,57efda89-b582-bb08-8a2d-e06b2c184bfc,2019-10-30T06:49:34Z,44,M,,9.7,25.2,101.1,,,124.7,4.3,,,,,,4.9,140.7,,9.6,1,1
57efda89-b582-bb08-528e-8e19281953df,57efda89-b582-bb08-8a2d-e06b2c184bfc,2017-10-25T06:49:34Z,42,M,,10.2,20.8,110.5,,,106.5,4.1,,,,,,5.1,141.5,,10.2,4,1
57efda89-b582-bb08-5626-5a7d7b0f994f,57efda89-b582-bb08-8a2d-e06b2c184bfc,2025-08-20T09:15:34Z,50,M,47.0,9.8,21.1,109.5,,,113.3,,,,,,,3.7,137.1,,18.8,3,1
57efda89-b582-bb08-586a-e10af7650f68,57efda89-b582-bb08-8a2d-e06b2c184bfc,2017-10-18T06:49:34Z,42,M,,9.9,26.3,102.3,,,111.5,4.1,,,,,,4.8,142.0,,7.8,1,1
57efda89-b582-bb08-596e-90c16c33c66c,57efda89-b582-bb08-8a2d-e06b2c184bfc,2025-04-30T06:49:34Z,50,M,,10.2,26.5,106.1,,,113.2,4.4,,,,,,4.0,139.8,,11.2,2,1
57efda89-b582-bb08-597b-cf3ded1662b5,57efda89-b582-bb08-8a2d-e06b2c184bfc,2024-11-05T15:20:34Z,49,M,34.9,10.0,21.2,108.4,,,110.5,,,,,,,3.8,141.4,,17.8,3,1
57efda89-b582-bb08-5e8d-ebc96f72283c,57efda89-b582-bb08-8a2d-e06b2c184bfc,2025-07-02T06:49:34Z,50,M,,9.2,20.8,103.8,4.5,,112.8,4.4,36.0,14.0,6.8,80.5,349.7,3.9,142.3,,9.6,3,1
57efda89-b582-bb08-5fc8-9f16d5f845cc,57efda89-b582-bb08-8a2d-e06b2c184bfc,2023-09-06T06:49:34Z,48,M,,9.5,27.9,102.0,,,121.7,4.2,,,,,,3.9,140.8,,18.7,1,1
57efda89-b582-bb08-6056-b13567030251,57efda89-b582-bb08-8a2d-e06b2c184bfc,2019-06-19T06:49:34Z,44,M,,10.1,24.8,108.7,,,115.0,4.3,,,,,,4.0,137.6,,10.7,2,1
57efda89-b582-bb08-61b4-4f12facdd997,57efda89-b582-bb08-8a2d-e06b2c184bfc,2021-12-15T10:19:34Z,46,M,54.1,10.0,26.2,103.6,,,120.7,,,,,,,4.5,142.0,,7.3,1,1
57efda89-b582-bb08-6661-c23b46bdd3e5,57efda89-b582-bb08-8a2d-e06b2c184bfc,2019-11-27T06:49:34Z,44,M,,8.7,23.1,107.2,,,104.5,4.4,,,,,,4.1,140.6,,9.5,2,1
57efda89-b582-bb08-6737-76969f5c4c78,57efda89-b582-bb08-8a2d-e06b2c184bfc,2022-09-13T21:08:34Z,47,M,45.6,9.6,25.3,101.6,,,119.1,,,,,,,4.2,142.1,,16.5,1,1
57efda89-b582-bb08-683f-52e40367cd4f,57efda89-b582-bb08-8a2d-e06b2c184bfc,2021-09-06T20:53:34Z,46,M,29.7,8.7,22.9,104.9,,,123.2,,,,,,,5.0,142.5,,11.8,2,1
57efda89-b582-bb08-6971-abe4b878ea41,57efda89-b582-bb08-8a2d-e06b2c184bfc,2025-10-01T09:51:34Z,50,M,40.9,9.5,24.1,102.0,,,104.6,,,,,,,4.7,137.0,,12.3,1,1
57efda89-b582-bb08-69b1-d09c34380a6e,57efda89-b582-bb08-8a2d-e06b2c184bfc,2025-12-24T06:49:34Z,50,M,,8.8,25.3,105.6,,,108.9,4.5,,,,,,4.0,143.3,,18.1,1,1
57efda89-b582-bb08-6a5d-883b2f178c74,57efda89-b582-bb08-8a2d-e06b2c184bfc,2022-10-15T00:48:34Z,47,M,48.5,9.0,22.7,108.2,,,120.3,,,,,,,4.2,142.9,,18.5,3,1
57efda89-b582-bb08-6c72-9d974626dfbb,57efda89-b582-bb08-8a2d-e06b2c184bfc,2026-03-18T09:07:34Z,51,M,29.6,10.1,20.5,110.4,,,105.7,,,,,,,4.4,140.7,,15.0,3,1
57efda89-b582-bb08-7009-40777a062b7c,57efda89-b582-bb08-8a2d-e06b2c184bfc,2021-08-10T06:49:34Z,46,M,,9.8,23.1,106.8,,,118.0,,,,,,,3.8,137.2,,16.7,2,1
57efda89-b582-bb08-705f-0d439a31db51,57efda89-b582-bb08-8a2d-e06b2c184bfc,2023-12-15T15:46:34Z,48,M,56.3,10.2,28.6,106.6,,,106.5,,,,,,,4.2,137.7,,19.2,3,1
57efda89-b582-bb08-727b-c1e90b339498,57efda89-b582-bb08-8a2d-e06b2c184bfc,2024-06-12T09:38:34Z,49,M,31.7,9.5,22.4,107.6,,,115.4,,,,,,,5.1,136.5,,14.9,4,1
57efda89-b582-bb08-7351-1e69daa83abd,57efda89-b582-bb08-8a2d-e06b2c184bfc,2023-02-01T10:05:34Z,48,M,36.9,9.5,21.8,110.7,,,122.6,,,,,,,4.3,140.8,,11.9,3,1
57efda89-b582-bb08-7783-4da27d3835ea,57efda89-b582-bb08-8a2d-e06b2c184bfc,2023-09-13T09:41:34Z,48,M,53.8,9.0,28.2,102.5,,,123.2,,,,,,,3.7,142.7,,9.1,1,1
57efda89-b582-bb08-77db-d2451e757783,57efda89-b582-bb08-8a2d-e06b2c184bfc,2017-11-01T06:49:34Z,42,M,,9.3,23.2,102.2,,,100.1,4.1,,,,,,5.1,140.9,,14.6,2,1
57efda89-b582-bb08-7a3f-7f98c2169ad0,57efda89-b582-bb08-8a2d-e06b2c184bfc,2025-07-23T06:49:34Z,50,M,,10.2,23.7,108.6,,,104.5,4.4,,,,,,3.9,137.4,,9.9,2,1
57efda89-b582-bb08-7b26-57783596ff88,57efda89-b582-bb08-8a2d-e06b2c184bfc,2026-05-27T10:08:34Z,51,M,28.0,9.1,24.2,105.2,,,106.9,,,,,,,4.5,140.0,,18.3,1,1
57efda89-b582-bb08-7bb8-e437945ff0aa,57efda89-b582-bb08-8a2d-e06b2c184bfc,2026-04-22T09:34:34Z,51,M,33.1,10.0,22.1,108.8,,,103.1,,,,,,,4.0,140.3,,17.6,3,1
57efda89-b582-bb08-7ea1-ae3aed9414e5,57efda89-b582-bb08-8a2d-e06b2c184bfc,2023-06-28T01:45:34Z,48,M,53.6,10.1,24.7,105.2,,,103.7,,,,,,,5.2,141.9,,17.7,2,1
57efda89-b582-bb08-8258-37cd46b1b4e2,57efda89-b582-bb08-8a2d-e06b2c184bfc,2022-05-28T11:33:34Z,47,M,31.9,10.2,22.7,105.3,,,101.1,,,,,,,5.1,143.4,,11.7,3,1
57efda89-b582-bb08-8360-5813cb9a7552,57efda89-b582-bb08-8a2d-e06b2c184bfc,2025-12-01T22:43:34Z,50,M,49.6,9.2,26.6,110.3,,,123.9,,,,,,,4.0,136.6,,19.0,2,1
57efda89-b582-bb08-853b-3a7ce1090d82,57efda89-b582-bb08-8a2d-e06b2c184bfc,2021-05-19T06:49:34Z,46,M,,8.6,28.5,103.5,,,118.0,4.3,,,,,,4.0,141.5,,14.1,1,1
57efda89-b582-bb08-8bc1-79081acbd2d9,57efda89-b582-bb08-8a2d-e06b2c184bfc,2017-12-27T06:49:34Z,42,M,,9.2,24.5,104.7,,,103.1,4.1,,,,,,4.7,136.0,,15.0,1,1
57efda89-b582-bb08-8c31-c75e3cb7a1ac,57efda89-b582-bb08-8a2d-e06b2c184bfc,2021-08-18T06:49:34Z,46,M,,9.1,22.7,106.8,,,115.6,4.1,,,,,,4.8,136.9,,15.9,3,1
57efda89-b582-bb08-8e78-e47d96d7cc38,57efda89-b582-bb08-8a2d-e06b2c184bfc,2019-07-31T06:49:34Z,44,M,,8.9,29.0,103.5,,,111.8,4.3,,,,,,4.7,138.5,,16.1,1,1
57efda89-b582-bb08-93d2-5528523c5049,57efda89-b582-bb08-8a2d-e06b2c184bfc,2023-10-13T18:46:34Z,48,M,41.3,10.1,26.2,104.4,,,122.1,,,,,,,4.7,142.5,,12.6,1,1
57efda89-b582-bb08-93ea-e52d51fa646e,57efda89-b582-bb08-8a2d-e06b2c184bfc,2025-11-12T06:49:34Z,50,M,,9.0,24.9,104.1,,,109.8,4.5,,,,,,4.1,138.7,,16.5,1,1
57efda89-b582-bb08-950f-44046ada09f9,57efda89-b582-bb08-8a2d-e06b2c184bfc,2018-10-10T06:49:34Z,43,M,,8.8,22.1,104.3,,,111.5,4.2,,,,,,4.1,140.5,,17.5,2,1
57efda89-b582-bb08-9ca8-41a47385c10c,57efda89-b582-bb08-8a2d-e06b2c184bfc,2022-03-25T17:33:34Z,47,M,29.3,8.6,21.8,103.7,,,120.1,,,,,,,4.4,140.3,,16.5,2,1
57efda89-b582-bb08-9d87-3c2655a77968,57efda89-b582-bb08-8a2d-e06b2c184bfc,2026-06-26T20:00:34Z,51,M,24.2,8.5,24.9,105.6,,,107.9,,,,,,,4.1,136.4,,10.3,1,1
57efda89-b582-bb08-9e3a-e927c64369be,57efda89-b582-bb08-8a2d-e06b2c184bfc,2025-01-06T09:41:34Z,50,M,49.7,9.4,26.5,108.0,,,122.2,,,,,,,4.9,136.8,,19.1,2,1
57efda89-b582-bb08-a2ba-165b71285b92,57efda89-b582-bb08-8a2d-e06b2c184bfc,2025-03-05T06:49:34Z,50,M,,8.9,22.1,109.1,,,122.5,4.4,,,,,,3.8,138.1,,7.4,3,1
57efda89-b582-bb08-a5a3-e2b93fd7d41d,57efda89-b582-bb08-8a2d-e06b2c184bfc,2023-03-29T06:49:34Z,48,M,,9.4,23.4,105.3,,,116.2,4.1,,,,,,3.9,137.3,,13.9,1,1
57efda89-b582-bb08-aef6-779e0f1a7639,57efda89-b582-bb08-8a2d-e06b2c184bfc,2021-06-23T06:49:34Z,46,M,,9.2,23.2,107.3,,,118.3,4.2,,,,,,4.7,138.9,,12.4,2,1
57efda89-b582-bb08-afdb-b82a8204a8ff,57efda89-b582-bb08-8a2d-e06b2c184bfc,2026-02-04T09:30:34Z,51,M,50.0,9.1,26.5,103.0,,,116.4,,,,,,,3.7,141.0,,19.4,1,1
57efda89-b582-bb08-b0cd-d4b8ec7fa95d,57efda89-b582-bb08-8a2d-e06b2c184bfc,2024-12-06T02:13:34Z,49,M,50.3,9.0,23.4,105.9,,,124.5,,,,,,,4.9,138.2,,7.2,1,1
57efda89-b582-bb08-b382-f6009a6add28,57efda89-b582-bb08-8a2d-e06b2c184bfc,2026-04-15T06:49:34Z,51,M,,9.0,27.7,103.9,,,124.4,4.4,,,,,,4.4,137.1,,8.5,1,1
57efda89-b582-bb08-b6bd-c1f4efb53017,57efda89-b582-bb08-8a2d-e06b2c184bfc,2021-07-07T09:30:34Z,46,M,38.7,9.0,20.8,106.8,,,121.3,,,,,,,4.3,138.2,,18.4,3,1
57efda89-b582-bb08-b9f7-c09124a9a7b3,57efda89-b582-bb08-8a2d-e06b2c184bfc,2024-01-31T06:49:34Z,49,M,,9.3,21.8,108.8,,,110.3,4.2,,,,,,4.7,143.6,,11.6,3,1
57efda89-b582-bb08-ba69-230ada412c9b,57efda89-b582-bb08-8a2d-e06b2c184bfc,2020-02-26T06:49:34Z,45,M,,9.8,21.8,107.5,,,107.7,4.4,,,,,,3.9,142.0,,7.3,3,1
57efda89-b582-bb08-bbc8-0547553f0424,57efda89-b582-bb08-8a2d-e06b2c184bfc,2024-04-03T06:49:34Z,49,M,,9.6,26.9,105.2,,,112.9,4.3,,,,,,5.0,143.5,,17.3,1,1
57efda89-b582-bb08-bc42-807e0caee4eb,57efda89-b582-bb08-8a2d-e06b2c184bfc,2018-02-07T06:49:34Z,43,M,,9.3,28.2,108.0,,,113.7,4.1,,,,,,5.0,142.5,,15.7,2,1
57efda89-b582-bb08-bd21-bb28c41975ab,57efda89-b582-bb08-8a2d-e06b2c184bfc,2021-02-17T06:49:34Z,46,M,,9.7,25.4,109.5,,,112.6,4.4,,,,,,3.9,140.7,,15.7,2,1
57efda89-b582-bb08-c21f-a0018e61be22,57efda89-b582-bb08-8a2d-e06b2c184bfc,2018-06-13T06:49:34Z,43,M,,9.5,28.8,107.8,,,105.8,4.1,,,,,,4.2,142.9,,10.1,2,1
57efda89-b582-bb08-c44d-a63e4c361e93,57efda89-b582-bb08-8a2d-e06b2c184bfc,2021-10-13T09:38:34Z,46,M,57.7,9.7,24.0,101.4,,,113.7,,,,,,,5.1,138.4,,17.6,3,1
57efda89-b582-bb08-ca2b-33fa545f99bb,57efda89-b582-bb08-8a2d-e06b2c184bfc,2022-11-09T06:49:34Z,47,M,,9.2,21.4,109.9,,,123.8,4.1,,,,,,3.9,136.4,,12.2,3,1
57efda89-b582-bb08-caa4-d86856d366a5,57efda89-b582-bb08-8a2d-e06b2c184bfc,2020-11-25T06:49:34Z,45,M,,9.1,26.2,109.4,,,116.2,4.5,,,,,,4.5,138.0,,19.8,2,1
57efda89-b582-bb08-cd59-4eb631707a6c,57efda89-b582-bb08-8a2d-e06b2c184bfc,2023-07-12T06:49:34Z,48,M,,8.9,21.8,110.8,,,105.5,4.2,,,,,,3.8,140.0,,10.7,3,1
57efda89-b582-bb08-cd93-d962d0cb11bf,57efda89-b582-bb08-8a2d-e06b2c184bfc,2022-11-16T09:53:34Z,47,M,30.4,8.7,28.4,101.1,,,121.7,,,,,,,4.9,142.8,,16.5,1,1
57efda89-b582-bb08-ce36-7bbdc9331493,57efda89-b582-bb08-8a2d-e06b2c184bfc,2025-05-07T09:51:34Z,50,M,27.7,8.5,22.5,104.1,,,107.5,,,,,,,4.7,138.1,,12.3,2,1
57efda89-b582-bb08-d02c-41aec997bd63,57efda89-b582-bb08-8a2d-e06b2c184bfc,2024-08-28T06:49:34Z,49,M,,9.7,24.8,107.9,,,104.0,4.3,,,,,,5.0,139.7,,17.0,2,1
57efda89-b582-bb08-d0ce-2d0b21557d3e,57efda89-b582-bb08-8a2d-e06b2c184bfc,2021-09-15T06:49:34Z,46,M,,9.6,21.1,106.2,,,122.1,4.1,,,,,,4.8,140.2,,14.7,3,1
57efda89-b582-bb08-d35a-6d7c19cff1c7,57efda89-b582-bb08-8a2d-e06b2c184bfc,2020-02-19T06:49:34Z,45,M,,9.0,26.9,102.8,,,107.3,4.4,,,,,,4.3,142.4,,10.6,1,1
57efda89-b582-bb08-d7c6-0a8028ed0b8b,57efda89-b582-bb08-8a2d-e06b2c184bfc,2023-04-19T06:49:34Z,48,M,,9.4,20.8,104.2,,,100.2,4.1,,,,,,4.3,140.1,,17.4,2,1
57efda89-b582-bb08-daa0-f7cff043c1a7,57efda89-b582-bb08-8a2d-e06b2c184bfc,2017-11-08T06:49:34Z,42,M,,10.0,23.0,102.3,,,122.5,4.1,,,,,,4.9,142.1,,16.2,1,1
57efda89-b582-bb08-dc50-65a8b2f55059,57efda89-b582-bb08-8a2d-e06b2c184bfc,2021-04-21T06:49:34Z,46,M,,10.1,20.8,106.2,,,123.6,4.3,,,,,,4.9,137.4,,15.5,3,1
57efda89-b582-bb08-df98-506d6e0840e4,57efda89-b582-bb08-8a2d-e06b2c184bfc,2025-04-02T10:07:34Z,50,M,38.4,9.8,26.4,109.8,,,113.5,,,,,,,3.8,136.9,,13.0,2,1
57efda89-b582-bb08-e618-a7aa089c491e,57efda89-b582-bb08-8a2d-e06b2c184bfc,2024-06-05T06:49:34Z,49,M,,9.4,24.9,110.7,,,101.3,4.3,,,,,,4.6,139.1,,11.5,2,1
57efda89-b582-bb08-e746-0680c341a538,57efda89-b582-bb08-8a2d-e06b2c184bfc,2022-04-26T01:00:34Z,47,M,47.2,10.0,20.0,106.3,,,100.8,,,,,,,5.0,143.3,,12.1,3,1
57efda89-b582-bb08-e8a8-3f1ca730d5ed,57efda89-b582-bb08-8a2d-e06b2c184bfc,2023-05-27T18:09:34Z,48,M,48.2,9.6,28.2,108.1,,,114.5,,,,,,,3.9,142.3,,11.3,2,1
57efda89-b582-bb08-e9eb-d01274b7c0cb,57efda89-b582-bb08-8a2d-e06b2c184bfc,2023-11-15T10:19:34Z,48,M,43.6,8.8,25.3,110.2,,,109.4,,,,,,,4.9,136.3,,10.0,2,1
57efda89-b582-bb08-ea6c-c10d8b8a8a72,57efda89-b582-bb08-8a2d-e06b2c184bfc,2021-08-07T14:57:34Z,46,M,33.6,9.8,23.1,106.8,,,118.0,,,,,,,3.8,137.2,,16.7,2,1
57efda89-b582-bb08-ec07-8adcafe76814,57efda89-b582-bb08-8a2d-e06b2c184bfc,2017-06-07T06:49:34Z,42,M,,9.2,28.8,104.3,,,121.5,4.0,,,,,,3.8,136.2,,7.5,1,1
57efda89-b582-bb08-f3bd-48b46ccee7eb,57efda89-b582-bb08-8a2d-e06b2c184bfc,2024-07-17T06:49:34Z,49,M,,8.9,25.6,106.1,,,101.1,4.3,,,,,,4.3,139.2,,7.1,2,1
57efda89-b582-bb08-f461-9b0636ffceb3,57efda89-b582-bb08-8a2d-e06b2c184bfc,2022-12-21T09:48:34Z,47,M,38.3,9.5,23.8,104.2,,,111.2,,,,,,,4.1,142.7,,12.2,1,1
57efda89-b582-bb08-f53b-49bd426d92fa,57efda89-b582-bb08-8a2d-e06b2c184bfc,2022-02-23T10:26:34Z,47,M,28.7,9.3,21.6,103.2,,,106.0,,,,,,,4.9,143.9,,13.7,2,1
57efda89-b582-bb08-f6c9-ffc0cb5ff62d,57efda89-b582-bb08-8a2d-e06b2c184bfc,2026-07-22T06:49:34Z,51,M,,9.7,22.0,107.4,,,113.6,4.2,,,,,,5.1,140.5,,10.8,4,1
57efda89-b582-bb08-f8bb-95f0b1fed4d3,57efda89-b582-bb08-8a2d-e06b2c184bfc,2023-03-15T09:56:34Z,48,M,43.3,9.6,21.4,102.8,,,116.2,,,,,,,4.5,142.7,,13.0,2,1
57efda89-b582-bb08-f93a-4a6861464c5b,57efda89-b582-bb08-8a2d-e06b2c184bfc,2024-10-23T06:49:34Z,49,M,,9.3,25.6,107.8,,,105.3,4.3,,,,,,4.1,139.4,,7.0,2,1
57efda89-b582-bb08-f9a7-0ddbe451bb7a,57efda89-b582-bb08-8a2d-e06b2c184bfc,2021-01-13T06:49:34Z,46,M,,9.7,22.7,109.5,,,124.3,4.5,,,,,,3.7,142.9,,9.2,3,1
57efda89-b582-bb08-fad5-50cf7e51f6cd,57efda89-b582-bb08-8a2d-e06b2c184bfc,2019-08-28T06:49:34Z,44,M,,8.7,28.5,108.7,,,116.6,4.3,,,,,,4.4,139.0,,10.6,2,1
57efda89-b582-bb08-fe42-d260eeafcf95,57efda89-b582-bb08-8a2d-e06b2c184bfc,2026-01-03T13:20:34Z,51,M,26.5,10.1,27.5,108.7,,,104.5,,,,,,,4.4,137.0,,15.8,2,1
57efda89-b582-bb08-ffa6-0096cfcdc426,57efda89-b582-bb08-8a2d-e06b2c184bfc,2025-07-09T10:16:34Z,50,M,48.5,8.9,21.7,102.1,,,109.5,,,,,,,4.9,138.7,,7.4,2,1
57efda89-b582-bb08-ffb6-7931ff8b182e,57efda89-b582-bb08-8a2d-e06b2c184bfc,2020-10-14T06:49:34Z,45,M,,9.4,20.0,102.5,,,107.4,4.5,,,,,,4.2,142.7,,14.6,2,1
5dae1e9e-46fb-5537-8571-4d3f6aac60ec,5dae1e9e-46fb-5537-54f4-8837a56dd3d5,2022-07-17T16:35:02Z,28,M,,,,,4.5,,,,49.4,14.6,10.4,85.9,234.1,,,,,0,0
6095681c-dfc1-8f20-dbf7-f6f6f0f630f0,6095681c-dfc1-8f20-411c-42cef37189fa,2022-11-20T02:29:57Z,22,M,,,,,4.4,,,,47.2,16.7,10.2,86.6,428.4,,,,,0,0
65cbad6a-eb9d-420e-5d27-8dbe153b9ace,65cbad6a-eb9d-420e-9bab-b4f9c6aab7db,2019-10-15T06:35:38Z,71,F,,,,,4.7,,,,35.7,14.3,3.8,83.5,346.0,,,,,2,1
65cbad6a-eb9d-420e-cc2d-d2bce5446461,65cbad6a-eb9d-420e-9bab-b4f9c6aab7db,2024-11-12T06:35:38Z,76,F,,,,,5.4,,,,44.8,14.0,4.9,88.9,444.5,,,,,1,1
6a703775-432b-ba7d-892c-98977158a794,6a703775-432b-ba7d-d53a-c4d7bb0f5b58,2017-03-27T15:35:53Z,22,M,,,,,4.0,,,,47.7,15.2,7.1,90.0,406.9,,,,,1,1
6a703775-432b-ba7d-e331-32d2fbc77a76,6a703775-432b-ba7d-d53a-c4d7bb0f5b58,2023-03-20T15:35:53Z,28,M,,,,,5.1,,,,47.9,14.6,9.8,86.6,335.9,,,,,0,0
6c4283c9-228b-2774-aa27-8bdbb87a9904,6c4283c9-228b-2774-7d25-fbb5a14bdc1b,2025-12-06T17:23:55Z,40,M,,10.2,23.7,103.3,4.0,,74.8,6.2,42.0,15.8,7.0,85.6,221.0,4.1,136.9,,13.7,2,1
6c4283c9-228b-2774-b59d-cebb9b8ac5f2,6c4283c9-228b-2774-7d25-fbb5a14bdc1b,2023-02-18T17:23:55Z,38,M,,8.8,27.5,104.5,,,73.5,6.2,,,,,,4.6,143.2,,7.3,1,1
6c4283c9-228b-2774-ce5b-e47a6bcb6b58,6c4283c9-228b-2774-7d25-fbb5a14bdc1b,2020-02-15T17:23:55Z,35,M,,9.2,21.8,106.8,4.6,,70.2,6.1,39.4,12.5,9.3,89.9,175.1,4.5,138.0,,13.6,5,1
6c4283c9-228b-2774-fc3f-930a19118264,6c4283c9-228b-2774-7d25-fbb5a14bdc1b,2020-02-22T17:23:55Z,35,M,,,,,4.0,,,,,10.9,9.5,89.4,339.8,,,,,2,1
7132442e-b0b9-a886-9c04-e8d342e3eb0b,7132442e-b0b9-a886-e28d-f83700e5a3bd,2017-03-05T14:54:53Z,29,F,,,,,4.4,,,,38.2,16.0,9.8,84.7,212.8,,,,,1,1
7132442e-b0b9-a886-fca3-948ca137d029,7132442e-b0b9-a886-e28d-f83700e5a3bd,2022-03-20T14:54:53Z,34,F,,,,,4.3,,,,39.0,17.5,3.8,91.2,214.5,,,,,2,1
716c6d0a-2a5d-0aaa-06e4-ada94fb442ac,716c6d0a-2a5d-0aaa-9ced-312ed6a943da,2007-07-25T23:29:08Z,43,M,55.9,9.9,27.0,103.6,,,90.5,,,,,,,4.1,140.9,,12.4,0,0
716c6d0a-2a5d-0aaa-259c-f85352b65fec,716c6d0a-2a5d-0aaa-9ced-312ed6a943da,2014-08-12T23:29:08Z,50,M,,,,,5.1,,,,46.8,16.2,7.4,82.8,395.4,,,,,0,0
716c6d0a-2a5d-0aaa-2e47-ceedae462b05,716c6d0a-2a5d-0aaa-9ced-312ed6a943da,2006-07-04T23:29:08Z,42,M,36.0,9.6,23.2,106.9,,,80.0,,,,,,,3.8,140.1,,19.8,1,1
716c6d0a-2a5d-0aaa-3061-f5b2bacf94b5,716c6d0a-2a5d-0aaa-9ced-312ed6a943da,2012-08-01T23:29:08Z,48,M,52.4,9.8,25.2,104.4,,,81.6,,,,,,,4.9,143.4,,18.3,0,0
716c6d0a-2a5d-0aaa-3864-136cad83982c,716c6d0a-2a5d-0aaa-9ced-312ed6a943da,2014-09-02T23:29:08Z,50,M,56.8,8.6,28.7,102.5,,,70.2,,,,,,,5.2,141.3,,17.5,2,1
716c6d0a-2a5d-0aaa-6066-f9d6fc2c467f,716c6d0a-2a5d-0aaa-9ced-312ed6a943da,2008-07-24T23:29:08Z,44,M,45.8,9.7,26.6,105.9,,,76.1,,,,,,,3.9,136.6,,19.2,0,0
716c6d0a-2a5d-0aaa-74cb-c7044c2d693b,716c6d0a-2a5d-0aaa-9ced-312ed6a943da,2010-07-24T23:29:08Z,46,M,27.3,9.9,21.5,109.7,,,83.2,,,,,,,4.7,136.1,,18.8,2,1
716c6d0a-2a5d-0aaa-7c46-88a59a004935,716c6d0a-2a5d-0aaa-9ced-312ed6a943da,2013-08-20T23:29:08Z,49,M,27.6,8.6,20.4,107.7,,,94.2,,,,,,,4.2,142.8,,14.6,2,1
716c6d0a-2a5d-0aaa-cdd3-54861ce83926,716c6d0a-2a5d-0aaa-9ced-312ed6a943da,2009-07-24T23:29:08Z,45,M,45.3,10.1,26.2,104.2,,,65.1,,,,,,,4.0,142.6,,9.5,1,1
716c6d0a-2a5d-0aaa-d8e7-ff63271fdb6d,716c6d0a-2a5d-0aaa-9ced-312ed6a943da,2011-08-02T23:29:08Z,47,M,49.0,8.7,22.9,106.5,,,73.1,,,,,,,3.7,136.5,,15.7,2,1
716c6d0a-2a5d-0aaa-e251-b0ef69c1b72e,716c6d0a-2a5d-0aaa-9ced-312ed6a943da,2009-07-14T23:29:08Z,45,M,,,,,4.6,,,,47.3,12.3,7.4,89.1,343.4,,,,,1,1
72b1ca95-c4f0-269d-529d-9af15f72a57f,72b1ca95-c4f0-269d-28bf-ba36b25a9aa6,2020-04-20T15:51:49Z,25,F,,9.3,27.0,106.3,,,77.5,5.9,,,,,,4.1,139.3,,10.5,2,1
72b1ca95-c4f0-269d-ad69-9d3ccea36c7b,72b1ca95-c4f0-269d-28bf-ba36b25a9aa6,2019-12-09T15:51:49Z,24,F,,9.3,22.6,109.3,,,92.8,6.1,,,,,,4.9,143.1,,15.9,3,1
72b1ca95-c4f0-269d-b1d6-fab8f8e07b0e,72b1ca95-c4f0-269d-28bf-ba36b25a9aa6,2026-04-27T15:51:49Z,31,F,,9.3,20.8,101.1,,,70.3,5.9,,,,,,5.1,138.8,,16.7,3,1
72b1ca95-c4f0-269d-ba08-f20e5f51a30d,72b1ca95-c4f0-269d-28bf-ba36b25a9aa6,2017-04-10T15:51:49Z,22,F,,10.1,21.7,104.1,4.9,,77.8,6.0,37.0,13.1,3.9,85.7,382.5,4.2,142.0,,15.9,3,1
72b1ca95-c4f0-269d-bbab-751a89fe43ac,72b1ca95-c4f0-269d-28bf-ba36b25a9aa6,2023-04-24T15:51:49Z,28,F,,8.8,27.4,102.4,4.2,,75.4,6.4,48.0,13.0,10.1,87.6,373.3,4.8,139.6,,19.9,1,1
7af6b271-f16d-21e1-0428-2e4035069ed3,7af6b271-f16d-21e1-882a-7bff71005a7b,2022-02-01T22:51:41Z,62,M,,,,,,,,6.0,,,,,,,,,,1,1
7af6b271-f16d-21e1-1662-f0914d4f70a1,7af6b271-f16d-21e1-882a-7bff71005a7b,2021-03-09T22:51:41Z,61,M,,10.0,21.3,104.3,5.3,,97.7,5.9,44.7,13.8,7.4,80.4,211.7,4.0,139.1,,8.2,2,1
7af6b271-f16d-21e1-25d1-6a5f11a10317,7af6b271-f16d-21e1-882a-7bff71005a7b,2022-01-11T22:51:41Z,62,M,,9.4,27.6,108.4,,,65.6,6.0,,,,,,4.8,136.3,,15.0,3,1
7af6b271-f16d-21e1-4328-278fe7ff7719,7af6b271-f16d-21e1-882a-7bff71005a7b,2022-02-22T22:51:41Z,62,M,,9.8,22.2,103.1,,,79.9,5.9,,,,,,4.9,143.4,,19.5,2,1
7af6b271-f16d-21e1-47af-7515011510d7,7af6b271-f16d-21e1-882a-7bff71005a7b,2019-02-26T22:51:41Z,59,M,,8.9,25.5,106.5,,,75.2,5.5,,,,,,4.5,137.0,,13.5,1,1
7af6b271-f16d-21e1-7a2c-eb7bed181b58,7af6b271-f16d-21e1-882a-7bff71005a7b,2024-04-02T22:51:41Z,64,M,,9.3,23.6,104.2,,,87.6,5.5,,,,,,5.0,142.7,,16.2,0,0
7af6b271-f16d-21e1-88a8-e60228cfb046,7af6b271-f16d-21e1-882a-7bff71005a7b,2025-04-08T22:51:41Z,65,M,,9.7,26.6,103.6,,,94.8,5.7,,,,,,4.9,141.2,,16.2,1,1
7af6b271-f16d-21e1-8a53-65fe43a98be3,7af6b271-f16d-21e1-882a-7bff71005a7b,2023-03-28T22:51:41Z,63,M,,9.7,27.4,104.6,,,87.0,5.3,,,,,,4.4,142.2,,12.0,0,0
7af6b271-f16d-21e1-93c5-aec2d8d13e83,7af6b271-f16d-21e1-882a-7bff71005a7b,2018-11-20T22:51:41Z,58,M,,9.1,24.4,107.5,,,67.5,5.4,,,,,,5.1,140.1,,7.8,3,1
7af6b271-f16d-21e1-a7d2-2b2575c0b41a,7af6b271-f16d-21e1-882a-7bff71005a7b,2017-06-13T22:51:41Z,57,M,,9.4,25.0,109.6,,,78.8,5.7,,,,,,4.5,143.2,,19.8,2,1
7af6b271-f16d-21e1-ba0c-7b1e1de8eef9,7af6b271-f16d-21e1-882a-7bff71005a7b,2023-05-13T22:03:07Z,63,M,35.0,9.0,22.0,103.4,5.0,,98.9,5.3,37.4,16.3,8.3,93.9,410.8,4.4,143.3,4.8,14.6,3,1
7af6b271-f16d-21e1-c4f2-009f322f5452,7af6b271-f16d-21e1-882a-7bff71005a7b,2018-02-20T22:51:41Z,58,M,,8.8,27.7,104.0,,,72.4,5.3,,,,,,3.9,136.6,,9.0,0,0
7af6b271-f16d-21e1-c80a-ca52f5c71f0f,7af6b271-f16d-21e1-882a-7bff71005a7b,2020-03-03T22:51:41Z,60,M,,10.2,28.0,110.1,,,95.8,5.7,,,,,,3.9,136.0,,12.3,2,1
7af6b271-f16d-21e1-ccb4-1ecdabefb36f,7af6b271-f16d-21e1-882a-7bff71005a7b,2022-03-22T22:51:41Z,62,M,,9.3,26.8,108.1,,,69.4,5.9,,,,,,4.0,142.5,,18.4,3,1
7af6b271-f16d-21e1-d638-82cff51a9fd1,7af6b271-f16d-21e1-882a-7bff71005a7b,2017-02-14T22:51:41Z,57,M,,9.7,25.3,109.2,,,78.1,5.9,,,,,,3.7,139.1,,17.2,2,1
7af6b271-f16d-21e1-d9e6-5433deba0339,7af6b271-f16d-21e1-882a-7bff71005a7b,2022-03-01T22:51:41Z,62,M,,,,,,,,5.9,,,,,,,,,,1,1
7af6b271-f16d-21e1-e86a-4d1d571af6e6,7af6b271-f16d-21e1-882a-7bff71005a7b,2022-01-25T22:51:41Z,62,M,,10.0,20.7,103.3,,,83.9,6.0,,,,,,4.7,143.0,,15.8,2,1
7af6b271-f16d-21e1-ef7e-4920d39bbcd3,7af6b271-f16d-21e1-882a-7bff71005a7b,2026-04-14T22:51:41Z,66,M,,9.8,23.4,109.9,4.7,,89.8,5.9,38.9,15.0,5.5,86.8,312.0,5.0,141.2,,11.7,3,1
7af6b271-f16d-21e1-ff78-ca4e771c7285,7af6b271-f16d-21e1-882a-7bff71005a7b,2022-01-18T22:51:41Z,62,M,,,,,,,,6.0,,,,,,,,,,1,1
82623afe-e51c-e02e-265d-7e24a56c65a7,82623afe-e51c-e02e-1dd7-15a4394d0e92,2021-01-17T00:32:02Z,22,F,,,,,4.0,,,,42.7,13.6,7.4,84.8,377.9,,,,,0,0
82623afe-e51c-e02e-32af-9f11d587a9ee,82623afe-e51c-e02e-1dd7-15a4394d0e92,2026-02-15T00:32:02Z,27,F,,,,,4.3,,,,49.2,12.8,7.5,88.9,225.0,,,,,1,1
8704c44c-8b97-e35a-2bfb-6e79f455c93a,8704c44c-8b97-e35a-3bac-7d5b24de06b3,2017-03-22T17:19:39Z,28,F,,,,,4.7,,,,48.3,16.1,9.0,81.7,443.6,,,,,2,1
8704c44c-8b97-e35a-6e51-16696027185b,8704c44c-8b97-e35a-3bac-7d5b24de06b3,2022-04-20T17:19:39Z,33,F,,,,,5.0,,,,46.7,13.7,9.8,89.2,194.0,,,,,0,0
87f7ad7b-85f9-d26d-42fa-0b23756aa084,87f7ad7b-85f9-d26d-5a41-9933f4039331,2026-06-05T23:31:00Z,57,F,,,,,5.1,,,,43.7,12.3,7.1,82.5,319.3,,,,,1,1
87f7ad7b-85f9-d26d-e330-a68f417ab6e4,87f7ad7b-85f9-d26d-5a41-9933f4039331,2021-05-07T23:31:00Z,52,F,,,,,5.2,,,,46.8,12.4,7.7,83.7,166.7,,,,,1,1
8b9df7af-24b3-66ee-7f9c-54810c4e1d9a,8b9df7af-24b3-66ee-afeb-2734ebcbd33c,2023-04-16T03:41:03Z,22,F,,,,,4.7,,,,44.5,14.3,7.1,91.8,317.4,,,,,0,0
8c5b83b2-737e-46cf-1c57-11cdfe4c09fe,8c5b83b2-737e-46cf-953b-414e07ed78e7,2025-11-24T15:13:12Z,52,M,,9.9,26.7,103.2,5.1,,70.7,6.3,35.4,16.1,3.7,93.8,245.8,4.3,143.1,,7.1,3,1
8c5b83b2-737e-46cf-899e-f4f153072da6,8c5b83b2-737e-46cf-953b-414e07ed78e7,2019-12-02T15:13:12Z,46,M,,9.3,27.4,104.0,5.1,,76.2,5.9,48.2,13.8,7.4,89.5,324.0,4.7,143.2,,8.6,1,1
8c5b83b2-737e-46cf-a779-bae98fa2653a,8c5b83b2-737e-46cf-953b-414e07ed78e7,2024-11-18T15:13:12Z,51,M,,9.1,24.0,105.9,,,73.0,6.0,,,,,,5.1,136.5,,11.8,2,1
8c5b83b2-737e-46cf-ca77-5c9212eaf544,8c5b83b2-737e-46cf-953b-414e07ed78e7,2021-12-06T15:13:12Z,48,M,,10.2,25.7,108.8,,,76.7,6.0,,,,,,3.8,137.5,,7.6,2,1
8c5b83b2-737e-46cf-f2cf-8fe3ef317c42,8c5b83b2-737e-46cf-953b-414e07ed78e7,2023-11-13T15:13:12Z,50,M,,10.1,21.6,101.7,,,98.3,5.9,,,,,,4.8,142.0,,19.8,2,1
8c5b83b2-737e-46cf-f9a0-bc65823d2da3,8c5b83b2-737e-46cf-953b-414e07ed78e7,2017-11-27T15:13:12Z,44,M,,9.3,28.8,102.9,,,73.3,5.9,,,,,,4.9,136.6,,7.6,1,1
8d91c36a-1f7e-3842-1b80-351adcb13ca0,8d91c36a-1f7e-3842-9f14-8d567ed9cdcd,2015-06-06T10:46:29Z,35,M,,8.6,25.1,107.5,,,77.3,,,,,,,5.1,142.1,,16.7,2,1
8d91c36a-1f7e-3842-1ea9-e670f17555b5,8d91c36a-1f7e-3842-9f14-8d567ed9cdcd,2014-05-28T10:46:29Z,34,M,2.0,9.1,27.7,108.4,5.0,121.4,94.3,5.4,41.9,12.4,3.6,84.9,436.5,3.8,140.9,,15.6,4,1
8d91c36a-1f7e-3842-575d-65a3e0886eae,8d91c36a-1f7e-3842-9f14-8d567ed9cdcd,2013-04-14T11:20:51Z,33,M,,9.6,27.2,102.4,,,82.6,,,,,,,4.0,142.4,,13.2,0,0
8d91c36a-1f7e-3842-6143-8e49a0031abc,8d91c36a-1f7e-3842-9f14-8d567ed9cdcd,2008-12-13T10:46:29Z,28,M,,,,,4.8,,,,43.3,13.0,8.3,84.0,401.5,,,,,1,1
8d91c36a-1f7e-3842-70a0-84aec9185843,8d91c36a-1f7e-3842-9f14-8d567ed9cdcd,2013-10-11T11:20:51Z,33,M,,9.8,26.6,101.5,,,93.6,,,,,,,4.4,143.1,,16.7,0,0
8d91c36a-1f7e-3842-9702-3fc00670c71b,8d91c36a-1f7e-3842-9f14-8d567ed9cdcd,2014-04-09T11:20:51Z,34,M,0.6,9.5,25.6,101.5,3.9,83.3,98.3,5.7,35.4,17.0,7.7,94.1,435.7,4.1,137.2,,14.2,4,1
8d91c36a-1f7e-3842-cbc3-901e9cda29d4,8d91c36a-1f7e-3842-9f14-8d567ed9cdcd,2014-11-27T11:50:28Z,34,M,23.1,8.6,26.9,102.3,4.5,63.3,87.6,5.7,43.2,12.8,8.8,95.2,285.7,4.0,142.5,,10.1,2,1
8d91c36a-1f7e-3842-f145-ead7c5c00ed9,8d91c36a-1f7e-3842-9f14-8d567ed9cdcd,2014-05-03T10:46:29Z,34,M,,,,,4.8,,,,39.3,15.0,10.4,80.7,168.3,,,,,1,1
8d91c36a-1f7e-3842-f5b7-782497615051,8d91c36a-1f7e-3842-9f14-8d567ed9cdcd,2013-03-30T10:46:29Z,33,M,2.0,10.0,26.2,110.9,4.6,115.4,97.9,5.6,36.7,13.6,4.4,80.8,257.5,4.6,140.0,,20.0,4,1
8ece28c6-f931-b0e0-759b-fd032d795588,8ece28c6-f931-b0e0-5c0e-72b8d8d3c86a,2024-10-05T01:49:50Z,82,M,,,,,4.9,,,,46.6,13.1,8.2,88.2,386.3,,,,,1,1
8ece28c6-f931-b0e0-ac7a-190e12763c8d,8ece28c6-f931-b0e0-5c0e-72b8d8d3c86a,2019-09-07T01:49:50Z,77,M,,,,,5.3,,,,49.6,17.1,5.7,92.8,398.3,,,,,0,0
9389eec9-a5c3-a9e1-2aca-35f58d503b6f,9389eec9-a5c3-a9e1-b675-93cd1f199532,2022-07-31T08:11:56Z,21,F,,,,,4.0,,,,49.6,12.0,8.0,84.0,367.0,,,,,1,1
96de62ae-1b00-58d8-002f-476d133856a5,96de62ae-1b00-58d8-77f9-cd25414e16be,2020-09-23T10:32:30Z,22,F,,,,,3.9,,,,47.5,16.0,7.3,92.0,258.1,,,,,1,1
96de62ae-1b00-58d8-43de-1d0bb08f0242,96de62ae-1b00-58d8-77f9-cd25414e16be,2019-11-06T10:32:30Z,21,F,,,,,4.8,,,,,7.1,9.8,90.8,236.2,,,,,1,1
97e39468-6488-ca8f-201e-d3afc7f2b50d,97e39468-6488-ca8f-fac2-235a80b4dcf7,2024-12-20T02:41:42Z,40,M,,,,,4.1,,,,39.9,14.2,6.3,80.8,383.1,,,,,2,1
97e39468-6488-ca8f-6ddc-cfa0af9f3cb2,97e39468-6488-ca8f-fac2-235a80b4dcf7,2019-03-01T02:41:42Z,35,M,,,,,5.3,,,,40.8,12.9,5.8,91.2,331.9,,,,,2,1
9c26986a-d81d-62f0-ad5e-0c501c79f99e,9c26986a-d81d-62f0-ee7a-ab8bb6377434,2019-04-24T01:34:42Z,21,F,,,,,5.2,,,,42.0,14.7,10.0,93.7,415.8,,,,,1,1
9c26986a-d81d-62f0-b5da-a7003996997d,9c26986a-d81d-62f0-ee7a-ab8bb6377434,2026-04-22T01:34:42Z,28,F,,,,,5.2,,,,49.7,16.9,7.1,93.0,353.6,,,,,3,1
9c5b16dc-8a47-896c-0eda-05ea714102a3,9c5b16dc-8a47-896c-4d74-f96f8c98891b,2025-08-24T02:32:19Z,45,M,,10.1,21.6,109.8,,,79.8,5.8,,,,,,3.8,138.8,,17.1,3,1
9c5b16dc-8a47-896c-1052-7f82181edb8e,9c5b16dc-8a47-896c-4d74-f96f8c98891b,2022-11-19T04:10:54Z,42,M,,9.2,25.2,104.3,4.1,,98.9,,46.1,12.2,9.5,93.8,225.0,5.0,139.8,,8.2,2,1
9c5b16dc-8a47-896c-674f-539ca55b7fc3,9c5b16dc-8a47-896c-4d74-f96f8c98891b,2020-03-13T02:51:21Z,40,M,22.4,9.0,23.4,109.4,4.7,,66.6,5.6,46.1,12.9,3.7,93.4,140.5,3.8,140.9,,12.9,5,1
9c5b16dc-8a47-896c-975d-27600d2414be,9c5b16dc-8a47-896c-4d74-f96f8c98891b,2024-08-18T02:32:19Z,44,M,,9.3,26.6,107.9,4.8,,94.1,6.1,42.8,13.0,4.0,89.1,429.4,4.2,137.5,,13.3,3,1
9c5b16dc-8a47-896c-a468-df1ff07747ed,9c5b16dc-8a47-896c-4d74-f96f8c98891b,2019-07-21T02:32:19Z,39,M,,,,,5.1,,,,35.6,12.7,4.1,88.0,390.9,,,,,2,1
9c5b16dc-8a47-896c-e008-a4aac0ed42f8,9c5b16dc-8a47-896c-4d74-f96f8c98891b,2023-08-20T02:32:19Z,43,M,,,,,4.9,,,,,11.3,8.5,89.2,296.2,,,,,1,1
9c5b16dc-8a47-896c-f577-72b43c8ac3a6,9c5b16dc-8a47-896c-4d74-f96f8c98891b,2023-08-13T02:32:19Z,43,M,,8.6,21.9,104.0,,,66.0,6.0,,,,,,4.9,142.9,,19.7,3,1
a406f356-c8b4-54ad-486b-382043d0b8bb,a406f356-c8b4-54ad-e79c-54a5e15ffc19,2026-05-22T13:04:01Z,35,M,,,,,4.9,,,,40.8,12.3,7.5,80.4,341.3,,,,,2,1
a406f356-c8b4-54ad-bce1-9c6131007a11,a406f356-c8b4-54ad-e79c-54a5e15ffc19,2021-02-19T13:04:01Z,30,M,,,,,4.4,,,,47.3,15.9,10.3,83.3,404.8,,,,,0,0
a45aa142-d1e9-d944-1961-bd25a5604c86,a45aa142-d1e9-d944-f2c7-05015c90762d,2016-10-12T14:32:41Z,53,M,,8.8,26.2,110.4,,,78.0,6.0,,,,,,4.7,140.3,,13.4,2,1
a45aa142-d1e9-d944-2e10-b448a239a958,a45aa142-d1e9-d944-f2c7-05015c90762d,2025-12-03T14:32:41Z,62,M,,9.7,25.3,107.0,4.1,,80.0,6.3,44.5,13.3,7.3,92.2,221.6,4.4,137.8,,8.7,4,1
a45aa142-d1e9-d944-3234-e3eacf9f600b,a45aa142-d1e9-d944-f2c7-05015c90762d,2024-11-30T14:32:41Z,61,M,30.1,8.8,20.8,101.6,,,87.0,,,,,,,4.1,138.6,,12.5,1,1
a45aa142-d1e9-d944-468b-95737be878ee,a45aa142-d1e9-d944-f2c7-05015c90762d,2020-11-04T14:32:41Z,57,M,,9.4,25.8,108.4,4.2,,67.5,5.8,45.9,16.8,5.6,92.6,431.6,3.9,138.9,,13.5,4,1
a45aa142-d1e9-d944-4a46-1c797c62a8c3,a45aa142-d1e9-d944-f2c7-05015c90762d,2023-11-22T14:32:41Z,60,M,,8.7,27.0,107.7,,,80.7,6.2,,,,,,5.1,143.0,,19.3,3,1
a45aa142-d1e9-d944-4bfa-2ffea1ce169d,a45aa142-d1e9-d944-f2c7-05015c90762d,2024-11-27T14:32:41Z,61,M,,8.8,27.2,103.5,,,85.2,6.3,,,,,,3.8,142.9,,14.3,1,1
a45aa142-d1e9-d944-51d4-2e5d04159791,a45aa142-d1e9-d944-f2c7-05015c90762d,2022-11-16T14:32:41Z,59,M,,9.8,21.8,104.7,,,64.7,6.2,,,,,,4.3,138.1,,14.2,3,1
a45aa142-d1e9-d944-682a-12fe63f8c986,a45aa142-d1e9-d944-f2c7-05015c90762d,2022-06-15T14:32:41Z,59,M,,9.8,26.3,101.6,,,81.0,6.2,,,,,,4.6,141.8,,11.4,1,1
a45aa142-d1e9-d944-7d94-b7a4727ee9e0,a45aa142-d1e9-d944-f2c7-05015c90762d,2018-10-24T14:32:41Z,55,M,,9.3,25.4,104.9,,,80.9,5.8,,,,,,3.9,140.2,,9.2,1,1
a45aa142-d1e9-d944-9b79-ed050c5c437e,a45aa142-d1e9-d944-f2c7-05015c90762d,2019-10-30T14:32:41Z,56,M,,9.2,24.8,101.0,,,95.4,5.9,,,,,,5.2,143.3,,18.6,2,1
a45aa142-d1e9-d944-a228-0106691a1bb0,a45aa142-d1e9-d944-f2c7-05015c90762d,2023-12-01T14:32:41Z,60,M,52.8,8.6,20.8,102.2,,,68.9,,,,,,,4.2,140.1,,11.2,2,1
a45aa142-d1e9-d944-a7ea-d10d0512d7a7,a45aa142-d1e9-d944-f2c7-05015c90762d,2025-12-10T14:32:41Z,62,M,36.6,8.9,23.5,109.3,,,69.0,,,,,,,3.8,141.8,,11.2,2,1
a45aa142-d1e9-d944-b3be-f203a1133324,a45aa142-d1e9-d944-f2c7-05015c90762d,2017-10-18T14:32:41Z,54,M,,9.5,23.3,107.0,,,89.6,6.2,,,,,,4.6,144.0,,17.3,2,1
a45aa142-d1e9-d944-d065-dde88e630ee1,a45aa142-d1e9-d944-f2c7-05015c90762d,2022-12-01T14:32:41Z,59,M,23.0,9.0,27.9,104.1,,,91.5,,,,,,,5.2,143.2,,8.8,1,1
a45aa142-d1e9-d944-ded5-611103e0a346,a45aa142-d1e9-d944-f2c7-05015c90762d,2021-11-10T14:32:41Z,58,M,30.0,8.5,22.6,105.3,,,90.4,6.4,,,,,,4.3,139.5,,18.3,2,1
ad48e669-959c-b6f8-172b-fee30eb0fcb9,ad48e669-959c-b6f8-8ddb-dda7a6d37473,2024-01-13T13:52:51Z,23,F,,,,,4.4,,,,46.2,13.1,10.2,94.0,285.6,,,,,0,0
adec1419-cf81-6640-557f-c299ad621dc4,adec1419-cf81-6640-abe6-cac7c0c1b9d4,2021-04-03T02:11:02Z,57,M,,,,,4.2,,,,38.5,13.1,4.9,82.7,188.2,,,,,3,1
adec1419-cf81-6640-68af-3301b5fafada,adec1419-cf81-6640-abe6-cac7c0c1b9d4,2026-05-02T02:11:02Z,62,M,,,,,4.8,,,,37.0,16.4,5.9,84.2,394.3,,,,,1,1
afb99eee-0bd5-8853-f8a5-482b91ef8676,afb99eee-0bd5-8853-8a32-fad74da7b103,2020-12-11T08:46:09Z,22,M,,,,,4.0,,,,37.5,14.2,4.9,82.8,381.6,,,,,2,1
b50c66af-4d1c-7987-1599-2d9d27baa115,b50c66af-4d1c-7987-03d7-e5b65fdf880f,2025-04-16T20:08:29Z,44,M,,,,,4.0,,,,47.0,14.5,8.1,82.4,214.1,,,,,1,1
b50c66af-4d1c-7987-abfe-49a98999aacc,b50c66af-4d1c-7987-03d7-e5b65fdf880f,2020-03-18T20:08:29Z,39,M,,,,,4.1,,,,37.4,16.0,7.7,91.5,178.7,,,,,2,1
ba47a33b-ffb6-25b9-be09-e9874f96bff4,ba47a33b-ffb6-25b9-e8bf-e7eabeaee1be,2021-06-07T11:49:18Z,21,M,,,,,4.3,,,,45.4,15.3,7.9,92.3,247.3,,,,,0,0
bca1691f-8839-1d66-0157-5804e8255b6d,bca1691f-8839-1d66-ed01-471134d55738,2024-01-03T11:39:55Z,80,M,,8.7,27.5,103.9,,,75.2,,,,,,,4.4,137.4,,17.2,0,0
bca1691f-8839-1d66-017f-1317f5127c09,bca1691f-8839-1d66-ed01-471134d55738,2025-12-10T15:12:55Z,81,M,37.2,9.8,23.3,109.3,,,66.6,,,,,,,5.0,141.7,,11.5,2,1
bca1691f-8839-1d66-01d9-283d7e3ea3d6,bca1691f-8839-1d66-ed01-471134d55738,2025-09-24T13:58:55Z,81,M,53.3,9.1,24.5,102.8,,,99.3,,,,,,,4.5,136.4,,17.0,1,1
bca1691f-8839-1d66-03a0-82b1712fc871,bca1691f-8839-1d66-ed01-471134d55738,2025-09-03T11:39:55Z,81,M,,8.7,27.6,102.8,,,99.3,,,,,,,3.9,137.1,,14.7,1,1
bca1691f-8839-1d66-046e-f41cb197085d,bca1691f-8839-1d66-ed01-471134d55738,2026-05-27T11:39:55Z,82,M,,8.8,21.8,109.8,,,67.6,,,,,,,5.0,139.6,,12.7,3,1
bca1691f-8839-1d66-0518-10771ae0b593,bca1691f-8839-1d66-ed01-471134d55738,2021-07-07T11:39:55Z,77,M,,8.9,23.1,101.5,,,88.6,,,,,,,4.9,143.1,,16.1,0,0
bca1691f-8839-1d66-0627-2f54e426705d,bca1691f-8839-1d66-ed01-471134d55738,2017-04-05T11:39:55Z,73,M,,9.0,27.5,108.1,,,74.4,,,,,,,5.2,141.4,,13.1,2,1
bca1691f-8839-1d66-062d-be9cc163945f,bca1691f-8839-1d66-ed01-471134d55738,2023-09-06T11:39:55Z,79,M,,8.7,26.2,106.9,,,89.9,,,,,,,5.2,141.8,,14.8,2,1
bca1691f-8839-1d66-07db-c837b4ac51c9,bca1691f-8839-1d66-ed01-471134d55738,2022-04-27T11:39:55Z,78,M,,9.2,26.0,109.4,,,93.4,,,,,,,4.4,136.8,,8.6,1,1
bca1691f-8839-1d66-0a35-73d2f4fefb68,bca1691f-8839-1d66-ed01-471134d55738,2019-02-20T11:39:55Z,75,M,,9.3,27.6,104.9,,,85.7,,,,,,,4.6,143.4,,17.1,0,0
bca1691f-8839-1d66-0b58-63472cf0d9bf,bca1691f-8839-1d66-ed01-471134d55738,2022-06-28T20:28:55Z,78,M,25.9,8.7,26.5,108.5,,,84.2,,,,,,,3.9,140.0,,9.6,1,1
bca1691f-8839-1d66-0ba9-26b71d990599,bca1691f-8839-1d66-ed01-471134d55738,2018-01-24T11:39:55Z,74,M,,8.9,22.8,101.8,,,78.5,,,,,,,4.4,139.7,,11.9,1,1
bca1691f-8839-1d66-0ec9-6120ffafb598,bca1691f-8839-1d66-ed01-471134d55738,2024-01-10T11:39:55Z,80,M,,10.2,29.0,101.2,,,90.8,,,,,,,4.4,137.0,,11.3,0,0
bca1691f-8839-1d66-0f5d-34d0ed1f7044,bca1691f-8839-1d66-ed01-471134d55738,2022-09-21T14:23:55Z,78,M,42.3,9.5,23.6,104.0,,,73.3,,,,,,,4.4,142.5,,19.5,0,0
bca1691f-8839-1d66-0f5f-6943657acc48,bca1691f-8839-1d66-ed01-471134d55738,2024-06-19T11:39:55Z,80,M,,9.5,22.7,101.6,,,71.3,,,,,,,4.5,140.1,,12.7,1,1
bca1691f-8839-1d66-0fbb-1b96570c1034,bca1691f-8839-1d66-ed01-471134d55738,2026-06-17T11:39:55Z,82,M,,9.2,24.9,101.5,,,73.2,,,,,,,4.4,143.4,,13.4,0,0
bca1691f-8839-1d66-118a-e898b839e8ed,bca1691f-8839-1d66-ed01-471134d55738,2023-01-04T11:39:55Z,79,M,,9.4,28.1,103.5,,,81.8,,,,,,,4.6,143.4,,9.0,0,0
bca1691f-8839-1d66-12d0-0797bc627a17,bca1691f-8839-1d66-ed01-471134d55738,2020-05-28T11:39:55Z,76,M,31.0,8.6,24.4,109.9,,,79.6,,,,,,,5.0,138.2,,15.0,1,1
bca1691f-8839-1d66-133d-d87ddfb5271d,bca1691f-8839-1d66-ed01-471134d55738,2020-04-15T11:39:55Z,76,M,,9.2,25.3,101.4,,,97.8,,,,,,,4.6,142.3,,7.1,0,0
bca1691f-8839-1d66-14ea-f28e8f0e85da,bca1691f-8839-1d66-ed01-471134d55738,2024-10-23T15:37:55Z,80,M,31.9,8.8,27.1,101.2,,,64.3,,,,,,,4.8,136.5,,17.5,1,1
bca1691f-8839-1d66-1531-f6848af0ab01,bca1691f-8839-1d66-ed01-471134d55738,2024-11-20T11:39:55Z,80,M,,9.6,26.4,105.6,,,73.8,,,,,,,5.1,143.7,,14.6,1,1
bca1691f-8839-1d66-1651-920344da0d40,bca1691f-8839-1d66-ed01-471134d55738,2018-11-21T11:39:55Z,74,M,,9.7,24.6,101.2,,,86.9,,,,,,,5.0,138.0,,17.8,0,0
bca1691f-8839-1d66-1667-b953ffad4a13,bca1691f-8839-1d66-ed01-471134d55738,2023-03-22T11:39:55Z,79,M,,10.0,25.9,102.7,,,95.6,,,,,,,3.7,140.2,,12.0,0,0
bca1691f-8839-1d66-17bd-bc3d447e43fc,bca1691f-8839-1d66-ed01-471134d55738,2025-07-02T11:39:55Z,81,M,,8.8,25.1,105.0,,,86.5,,,,,,,3.9,139.6,,15.9,0,0
bca1691f-8839-1d66-18d9-55611eb44b0f,bca1691f-8839-1d66-ed01-471134d55738,2025-12-24T11:39:55Z,81,M,,9.0,25.0,101.4,,,77.7,,,,,,,4.5,140.1,,8.7,0,0
bca1691f-8839-1d66-1a37-edb0cbd8acfc,bca1691f-8839-1d66-ed01-471134d55738,2026-06-03T11:39:55Z,82,M,,8.6,22.3,101.2,,,73.0,,,,,,,4.0,142.7,,14.1,1,1
bca1691f-8839-1d66-1a4d-43c6a50d4c03,bca1691f-8839-1d66-ed01-471134d55738,2023-08-02T11:39:55Z,79,M,,10.1,20.5,109.4,,,66.5,,,,,,,4.1,141.8,,15.8,3,1
bca1691f-8839-1d66-1af2-d847d987e2d5,bca1691f-8839-1d66-ed01-471134d55738,2023-04-11T01:21:55Z,79,M,56.8,8.8,27.9,106.4,,,65.7,,,,,,,4.6,137.0,,8.5,3,1
bca1691f-8839-1d66-1d8c-984458f1e179,bca1691f-8839-1d66-ed01-471134d55738,2026-04-29T11:39:55Z,82,M,,8.7,25.9,110.7,,,86.4,,,,,,,4.5,142.7,,9.9,1,1
bca1691f-8839-1d66-1ed2-87026bf317c4,bca1691f-8839-1d66-ed01-471134d55738,2017-03-08T11:39:55Z,73,M,,9.8,24.6,110.6,,,97.1,,,,,,,3.9,143.4,,10.1,1,1
bca1691f-8839-1d66-22e6-9593de363f0f,bca1691f-8839-1d66-ed01-471134d55738,2023-07-19T15:02:55Z,79,M,33.5,8.7,27.6,107.9,,,67.0,,,,,,,4.8,137.4,,17.7,2,1
bca1691f-8839-1d66-22fd-86cda0bb807c,bca1691f-8839-1d66-ed01-471134d55738,2025-07-16T11:39:55Z,81,M,,9.6,22.6,110.6,,,68.6,,,,,,,4.0,143.1,,18.7,3,1
bca1691f-8839-1d66-235e-3077973cd942,bca1691f-8839-1d66-ed01-471134d55738,2021-10-06T11:39:55Z,77,M,,9.3,26.0,104.0,,,92.8,,,,,,,4.9,143.0,,17.9,0,0
bca1691f-8839-1d66-2413-fe1cde621093,bca1691f-8839-1d66-ed01-471134d55738,2026-04-01T11:39:55Z,82,M,,9.1,20.2,101.6,,,98.6,,,,,,,5.0,142.2,,18.3,1,1
bca1691f-8839-1d66-2483-947c9364ca50,bca1691f-8839-1d66-ed01-471134d55738,2019-05-22T11:39:55Z,75,M,,9.0,28.6,101.1,,,90.2,,,,,,,5.1,143.8,,18.5,1,1
bca1691f-8839-1d66-24e9-59230e20ea27,bca1691f-8839-1d66-ed01-471134d55738,2025-11-05T14:37:55Z,81,M,36.6,9.7,27.5,109.2,,,67.7,,,,,,,4.4,138.6,,18.7,2,1
bca1691f-8839-1d66-25d2-cd60c6746a0f,bca1691f-8839-1d66-ed01-471134d55738,2024-12-25T11:39:55Z,80,M,,9.1,23.1,107.4,,,75.2,,,,,,,4.5,140.4,,19.7,1,1
bca1691f-8839-1d66-2863-7057eba54540,bca1691f-8839-1d66-ed01-471134d55738,2022-05-28T11:39:55Z,78,M,24.8,9.1,25.1,107.3,,,76.7,,,,,,,3.9,140.5,,9.2,1,1
bca1691f-8839-1d66-28f5-fddaec86e620,bca1691f-8839-1d66-ed01-471134d55738,2025-03-05T11:39:55Z,81,M,,9.5,26.7,108.5,,,89.8,,,,,,,4.4,139.1,,14.2,1,1
bca1691f-8839-1d66-293e-c94b4725c779,bca1691f-8839-1d66-ed01-471134d55738,2026-01-14T11:39:55Z,82,M,,10.0,25.8,101.9,,,72.9,,,,,,,4.3,137.9,,19.2,0,0
bca1691f-8839-1d66-2b80-f0f79254d21c,bca1691f-8839-1d66-ed01-471134d55738,2025-05-14T15:36:55Z,81,M,28.4,9.6,25.0,103.9,,,75.0,,,,,,,5.0,142.1,,11.9,0,0
bca1691f-8839-1d66-2c19-61101c366613,bca1691f-8839-1d66-ed01-471134d55738,2022-09-07T11:39:55Z,78,M,,8.9,26.6,103.7,,,65.6,,,,,,,3.9,138.0,,13.8,1,1
bca1691f-8839-1d66-2c40-4a1f739894de,bca1691f-8839-1d66-ed01-471134d55738,2025-11-19T11:39:55Z,81,M,,9.9,25.7,108.0,,,65.0,,,,,,,4.7,143.5,,7.8,2,1
bca1691f-8839-1d66-2d76-f76587f58e72,bca1691f-8839-1d66-ed01-471134d55738,2026-07-29T11:39:55Z,82,M,,9.5,24.3,108.7,,,69.2,,,,,,,4.7,143.5,,18.3,2,1
bca1691f-8839-1d66-2de0-b868a4da82fa,bca1691f-8839-1d66-ed01-471134d55738,2018-10-24T11:39:55Z,74,M,,10.1,25.3,103.4,,,76.1,,,,,,,4.0,137.3,,13.8,0,0
bca1691f-8839-1d66-2df7-64a60ddc92f4,bca1691f-8839-1d66-ed01-471134d55738,2022-08-17T11:39:55Z,78,M,,8.7,27.0,107.7,,,66.2,,,,,,,3.8,136.3,,11.1,2,1
bca1691f-8839-1d66-2e51-cf31e97edeb4,bca1691f-8839-1d66-ed01-471134d55738,2024-07-31T11:39:55Z,80,M,,9.6,22.7,110.1,,,85.3,,,,,,,4.8,141.3,,11.0,2,1
bca1691f-8839-1d66-305f-c2412947960a,bca1691f-8839-1d66-ed01-471134d55738,2022-10-26T13:41:55Z,78,M,45.1,9.3,20.4,105.7,,,89.2,,,,,,,4.6,138.8,,19.9,1,1
bca1691f-8839-1d66-30c7-030bb6411d21,bca1691f-8839-1d66-ed01-471134d55738,2026-04-15T11:39:55Z,82,M,,9.6,21.9,105.7,,,87.5,,,,,,,3.7,138.9,,19.6,1,1
bca1691f-8839-1d66-355d-066c67e7d12f,bca1691f-8839-1d66-ed01-471134d55738,2024-08-07T11:39:55Z,80,M,,10.0,26.4,102.3,,,88.1,,,,,,,4.0,136.3,,16.3,0,0
bca1691f-8839-1d66-3582-9da10e326b3b,bca1691f-8839-1d66-ed01-471134d55738,2025-04-09T14:07:55Z,81,M,29.0,9.9,27.9,109.0,,,72.1,,,,,,,4.9,139.9,,15.8,1,1
bca1691f-8839-1d66-35d8-b3a805092221,bca1691f-8839-1d66-ed01-471134d55738,2024-04-24T11:39:55Z,80,M,,8.6,26.9,106.6,,,92.8,,,,,,,4.5,139.4,,8.3,1,1
bca1691f-8839-1d66-36b7-dd02c843d266,bca1691f-8839-1d66-ed01-471134d55738,2025-07-30T11:39:55Z,81,M,29.5,8.9,23.1,104.0,,,85.4,,,,,,,3.8,138.7,,14.4,0,0
bca1691f-8839-1d66-3827-c225a3c376d5,bca1691f-8839-1d66-ed01-471134d55738,2025-07-23T15:31:55Z,81,M,59.6,8.9,23.1,104.0,,,85.4,,,,,,,3.8,138.7,,14.4,1,1
bca1691f-8839-1d66-38fb-920c0c6e4cca,bca1691f-8839-1d66-ed01-471134d55738,2017-01-04T11:39:55Z,73,M,,9.8,23.7,108.4,,,91.3,,,,,,,4.2,138.3,,13.4,1,1
bca1691f-8839-1d66-39cb-12cbfbde15d0,bca1691f-8839-1d66-ed01-471134d55738,2026-04-08T11:39:55Z,82,M,,9.5,24.6,103.0,,,80.0,,,,,,,3.9,142.6,,19.5,0,0
bca1691f-8839-1d66-3a0d-25f9e3ffe29f,bca1691f-8839-1d66-ed01-471134d55738,2026-08-12T11:39:55Z,82,M,,9.0,27.8,108.8,,,73.2,,,,,,,3.8,137.9,,18.1,1,1
bca1691f-8839-1d66-3b6b-ced2b8cd4798,bca1691f-8839-1d66-ed01-471134d55738,2017-04-12T11:39:55Z,73,M,,9.0,24.4,105.4,,,68.2,,,,,,,5.1,142.9,,12.1,2,1
bca1691f-8839-1d66-3f00-cd3cb821a205,bca1691f-8839-1d66-ed01-471134d55738,2026-08-05T11:39:55Z,82,M,,8.6,27.7,108.9,,,99.8,,,,,,,4.8,143.2,,14.5,2,1
bca1691f-8839-1d66-3f27-12150a892c5c,bca1691f-8839-1d66-ed01-471134d55738,2016-11-02T11:39:55Z,72,M,,8.9,22.7,101.5,,,86.1,,,,,,,3.8,141.1,,7.0,1,1
bca1691f-8839-1d66-3f52-cb99804d074c,bca1691f-8839-1d66-ed01-471134d55738,2020-09-23T11:39:55Z,76,M,,9.6,21.9,110.7,,,68.1,,,,,,,4.1,141.7,,17.3,3,1
bca1691f-8839-1d66-4121-c359425a15bf,bca1691f-8839-1d66-ed01-471134d55738,2024-11-27T11:39:55Z,80,M,,9.8,28.0,101.6,,,89.8,,,,,,,4.2,144.0,,15.9,0,0
bca1691f-8839-1d66-42dc-1461331904f4,bca1691f-8839-1d66-ed01-471134d55738,2022-04-06T11:39:55Z,78,M,,10.0,28.2,108.5,,,89.6,,,,,,,5.0,139.0,,12.0,1,1
bca1691f-8839-1d66-4314-6eaa93269767,bca1691f-8839-1d66-ed01-471134d55738,2025-04-23T11:39:55Z,81,M,,9.7,22.2,105.8,,,74.0,,,,,,,3.9,141.9,,19.2,1,1
bca1691f-8839-1d66-4322-005a14ee0769,bca1691f-8839-1d66-ed01-471134d55738,2025-02-05T11:39:55Z,81,M,,8.6,27.4,106.6,,,80.5,,,,,,,4.8,137.8,,18.7,1,1
bca1691f-8839-1d66-4328-3e3683b5ddd0,bca1691f-8839-1d66-ed01-471134d55738,2022-02-02T11:39:55Z,78,M,,9.6,24.3,105.9,,,78.5,,,,,,,3.8,139.7,,14.1,0,0
bca1691f-8839-1d66-435d-123b4377ebce,bca1691f-8839-1d66-ed01-471134d55738,2024-07-10T13:48:55Z,80,M,39.0,9.1,28.9,106.8,,,66.6,,,,,,,4.8,143.1,,18.4,2,1
bca1691f-8839-1d66-438a-9c9c68797044,bca1691f-8839-1d66-ed01-471134d55738,2024-01-17T11:39:55Z,80,M,,9.5,21.7,103.9,,,95.9,,,,,,,4.4,138.3,,18.5,1,1
bca1691f-8839-1d66-45eb-d77bfa57ef6d,bca1691f-8839-1d66-ed01-471134d55738,2025-05-28T11:39:55Z,81,M,,9.3,20.2,101.9,,,98.6,,,,,,,5.1,143.0,,8.6,2,1
bca1691f-8839-1d66-4713-94a93411829f,bca1691f-8839-1d66-ed01-471134d55738,2023-12-06T11:39:55Z,79,M,,9.9,28.1,101.7,,,77.6,,,,,,,5.0,141.1,,16.5,0,0
bca1691f-8839-1d66-4768-2d5a8aa275a7,bca1691f-8839-1d66-ed01-471134d55738,2018-12-19T11:39:55Z,74,M,,10.2,23.3,109.1,,,80.6,,,,,,,4.1,143.0,,18.0,1,1
bca1691f-8839-1d66-4768-56715a374c75,bca1691f-8839-1d66-ed01-471134d55738,2025-11-26T11:39:55Z,81,M,,9.9,23.4,102.4,,,89.4,,,,,,,4.4,143.1,,15.8,0,0
bca1691f-8839-1d66-4973-0b347762b23c,bca1691f-8839-1d66-ed01-471134d55738,2016-08-31T11:39:55Z,72,M,,10.1,22.7,105.7,,,95.9,,,,,,,5.1,141.0,,17.2,2,1
bca1691f-8839-1d66-4b12-b763d062c0da,bca1691f-8839-1d66-ed01-471134d55738,2023-10-11T11:39:55Z,79,M,,9.3,23.6,104.1,,,80.0,,,,,,,4.5,138.7,,12.7,0,0
bca1691f-8839-1d66-4b35-7cdabfa2e0c0,bca1691f-8839-1d66-ed01-471134d55738,2024-05-08T11:39:55Z,80,M,,9.4,27.8,101.8,,,81.8,,,,,,,4.5,139.7,,16.3,0,0
bca1691f-8839-1d66-4bc9-d405c2405219,bca1691f-8839-1d66-ed01-471134d55738,2023-06-21T11:39:55Z,79,M,,9.0,23.1,102.0,,,89.8,,,,,,,3.7,143.1,,18.1,0,0
bca1691f-8839-1d66-4ca6-df2ab5a45f04,bca1691f-8839-1d66-ed01-471134d55738,2019-11-20T11:39:55Z,75,M,,9.5,28.8,107.8,,,78.6,,,,,,,4.2,139.0,,8.3,1,1
bca1691f-8839-1d66-4d3a-1e6243757f07,bca1691f-8839-1d66-ed01-471134d55738,2023-11-01T15:33:55Z,79,M,58.7,9.0,24.8,105.7,,,85.7,,,,,,,4.2,137.5,,14.9,1,1
bca1691f-8839-1d66-4d8a-af4235a5e11c,bca1691f-8839-1d66-ed01-471134d55738,2020-09-16T11:39:55Z,76,M,,9.3,27.5,103.2,,,85.9,,,,,,,4.0,136.1,,9.9,0,0
bca1691f-8839-1d66-4e6e-acda9e207ce7,bca1691f-8839-1d66-ed01-471134d55738,2026-07-22T11:39:55Z,82,M,,9.7,24.7,106.3,,,66.4,,,,,,,5.0,140.6,,7.9,2,1
bca1691f-8839-1d66-4efc-29054f40a6ad,bca1691f-8839-1d66-ed01-471134d55738,2020-07-15T11:39:55Z,76,M,,9.0,26.6,108.4,,,74.0,,,,,,,5.1,142.4,,16.6,2,1
bca1691f-8839-1d66-4f82-05389f746de6,bca1691f-8839-1d66-ed01-471134d55738,2020-10-21T11:39:55Z,76,M,,9.6,27.2,109.6,,,86.3,,,,,,,4.8,142.5,,8.6,1,1
bca1691f-8839-1d66-52f4-79ab3ff8aac3,bca1691f-8839-1d66-ed01-471134d55738,2022-12-07T11:39:55Z,78,M,,9.0,24.2,107.8,,,90.3,,,,,,,5.1,140.5,,9.5,2,1
bca1691f-8839-1d66-55ca-c3e84eefa2e6,bca1691f-8839-1d66-ed01-471134d55738,2024-10-02T11:39:55Z,80,M,,9.7,21.2,108.0,,,97.7,,,,,,,4.7,142.2,,14.4,2,1
bca1691f-8839-1d66-55e7-7676bd991e74,bca1691f-8839-1d66-ed01-471134d55738,2020-03-18T11:39:55Z,76,M,,9.3,26.9,103.5,,,84.5,,,,,,,4.6,142.2,,9.6,0,0
bca1691f-8839-1d66-56f7-1730da1c42ac,bca1691f-8839-1d66-ed01-471134d55738,2022-08-03T13:49:55Z,78,M,33.2,8.8,22.0,106.4,,,66.2,,,,,,,3.8,136.6,,8.8,3,1
bca1691f-8839-1d66-5809-391c1a96ad57,bca1691f-8839-1d66-ed01-471134d55738,2019-04-24T11:39:55Z,75,M,,9.6,26.4,107.1,,,66.0,,,,,,,3.8,138.7,,17.3,2,1
bca1691f-8839-1d66-582e-f6b01301aca8,bca1691f-8839-1d66-ed01-471134d55738,2024-07-03T11:39:55Z,80,M,,9.0,24.8,109.5,,,90.9,,,,,,,4.1,136.2,,10.9,1,1
bca1691f-8839-1d66-5d5d-6e46aaf03cfd,bca1691f-8839-1d66-ed01-471134d55738,2017-05-03T11:39:55Z,73,M,35.5,9.7,21.4,104.4,,,66.1,,,,,,,4.9,139.8,,13.5,2,1
bca1691f-8839-1d66-62d0-f2a96e6e45c3,bca1691f-8839-1d66-ed01-471134d55738,2024-08-14T15:09:55Z,80,M,48.2,9.5,25.1,104.7,,,70.4,,,,,,,4.4,136.7,,15.8,0,0
bca1691f-8839-1d66-63a7-7d2ddc3f2e91,bca1691f-8839-1d66-ed01-471134d55738,2025-01-22T11:39:55Z,81,M,,9.2,23.8,104.1,,,77.4,,,,,,,3.8,136.1,,10.5,0,0
bca1691f-8839-1d66-67b7-9aaa04bf71fc,bca1691f-8839-1d66-ed01-471134d55738,2026-06-10T11:39:55Z,82,M,,9.0,22.0,104.9,,,83.2,,,,,,,3.8,138.2,,18.9,1,1
bca1691f-8839-1d66-692a-73648db0dc84,bca1691f-8839-1d66-ed01-471134d55738,2022-03-09T11:39:55Z,78,M,,10.2,24.5,103.0,,,92.4,,,,,,,5.2,140.9,,16.5,1,1
bca1691f-8839-1d66-6b14-889a125e7318,bca1691f-8839-1d66-ed01-471134d55738,2021-01-13T11:39:55Z,77,M,,9.7,27.5,109.1,,,81.1,,,,,,,5.1,143.9,,19.2,2,1
bca1691f-8839-1d66-6c0e-eff0f14cc9a1,bca1691f-8839-1d66-ed01-471134d55738,2026-07-08T11:39:55Z,82,M,,9.3,22.4,105.1,,,92.7,,,,,,,4.2,143.5,,11.9,1,1
bca1691f-8839-1d66-6fc0-1f7fbf2b3186,bca1691f-8839-1d66-ed01-471134d55738,2021-06-09T11:39:55Z,77,M,,9.7,25.1,106.7,,,90.8,,,,,,,3.8,138.1,,19.2,1,1
bca1691f-8839-1d66-7008-28841b2656d2,bca1691f-8839-1d66-ed01-471134d55738,2025-03-19T11:39:55Z,81,M,,8.8,28.6,105.7,,,68.9,,,,,,,4.0,140.0,,13.3,1,1
bca1691f-8839-1d66-7079-2fe7b533b539,bca1691f-8839-1d66-ed01-471134d55738,2018-04-04T11:39:55Z,74,M,,8.8,25.5,105.7,,,88.9,,,,,,,5.0,143.9,,8.9,0,0
bca1691f-8839-1d66-71de-305450b619a9,bca1691f-8839-1d66-ed01-471134d55738,2022-08-31T11:39:55Z,78,M,,10.1,24.1,108.7,,,72.5,,,,,,,4.6,143.5,,13.5,1,1
bca1691f-8839-1d66-72e6-f895f571aa73,bca1691f-8839-1d66-ed01-471134d55738,2018-06-27T11:39:55Z,74,M,,8.8,24.7,108.2,,,99.7,,,,,,,3.9,139.3,,7.6,2,1
bca1691f-8839-1d66-73d6-6552a3e3fb4c,bca1691f-8839-1d66-ed01-471134d55738,2025-10-29T11:39:55Z,81,M,,9.3,23.9,106.2,,,83.6,,,,,,,4.1,142.2,,7.6,1,1
bca1691f-8839-1d66-7623-418d96b29271,bca1691f-8839-1d66-ed01-471134d55738,2026-07-15T11:39:55Z,82,M,,9.0,26.0,107.3,,,64.5,,,,,,,4.7,136.5,,10.3,2,1
bca1691f-8839-1d66-7686-15d2480cca38,bca1691f-8839-1d66-ed01-471134d55738,2025-01-04T17:28:55Z,81,M,54.5,9.0,23.1,104.8,,,87.0,,,,,,,4.3,142.1,,12.7,0,0
bca1691f-8839-1d66-7776-b4711050ad43,bca1691f-8839-1d66-ed01-471134d55738,2022-11-16T11:39:55Z,78,M,,10.1,28.1,110.8,,,66.3,,,,,,,4.9,136.8,,15.6,2,1
bca1691f-8839-1d66-7a01-1283f289b78e,bca1691f-8839-1d66-ed01-471134d55738,2024-01-31T11:39:55Z,80,M,,9.3,23.2,104.5,,,73.3,,,,,,,4.2,140.1,,7.4,0,0
bca1691f-8839-1d66-7b27-289ac111cb93,bca1691f-8839-1d66-ed01-471134d55738,2024-02-28T11:39:55Z,80,M,,9.6,26.2,109.5,,,88.9,,,,,,,4.0,143.2,,14.3,1,1
bca1691f-8839-1d66-7b76-9286d2773b2b,bca1691f-8839-1d66-ed01-471134d55738,2019-09-18T11:39:55Z,75,M,,9.4,20.8,104.0,,,86.3,,,,,,,4.1,137.0,,9.5,1,1
bca1691f-8839-1d66-7c90-edb596ef6240,bca1691f-8839-1d66-ed01-471134d55738,2026-02-18T11:39:55Z,82,M,,9.3,20.6,101.5,4.7,,80.0,,41.8,15.9,5.9,88.2,354.2,3.8,143.7,,7.1,1,1
bca1691f-8839-1d66-7df8-7e2722678b2e,bca1691f-8839-1d66-ed01-471134d55738,2017-09-27T11:39:55Z,73,M,,9.6,22.1,103.7,,,82.4,,,,,,,3.8,137.4,,15.8,1,1
bca1691f-8839-1d66-7e3c-e7ab7a25bcc3,bca1691f-8839-1d66-ed01-471134d55738,2017-03-01T11:39:55Z,73,M,,8.7,21.3,104.1,,,93.4,,,,,,,4.3,139.9,,7.0,1,1
bca1691f-8839-1d66-7e84-e6880fdbc3a2,bca1691f-8839-1d66-ed01-471134d55738,2018-05-02T11:39:55Z,74,M,,9.1,22.6,101.3,,,64.6,,,,,,,3.8,143.9,,8.0,2,1
bca1691f-8839-1d66-7f22-ea8c9dc1db5d,bca1691f-8839-1d66-ed01-471134d55738,2019-05-29T11:39:55Z,75,M,48.8,9.6,24.4,103.9,,,65.9,,,,,,,4.2,137.3,,15.3,1,1
bca1691f-8839-1d66-7f90-2a6a88d65ae0,bca1691f-8839-1d66-ed01-471134d55738,2021-02-10T11:39:55Z,77,M,,8.6,28.4,104.9,4.2,,95.7,,46.6,14.1,6.9,92.7,186.3,4.9,137.8,,8.4,1,1
bca1691f-8839-1d66-80cc-792ec8ed4696,bca1691f-8839-1d66-ed01-471134d55738,2022-12-14T11:39:55Z,78,M,,8.6,22.2,104.5,,,91.4,,,,,,,5.1,142.8,,12.5,2,1
bca1691f-8839-1d66-811c-39e455bfb854,bca1691f-8839-1d66-ed01-471134d55738,2023-10-25T11:39:55Z,79,M,,9.9,23.4,108.1,,,86.1,,,,,,,4.3,142.1,,18.0,1,1
bca1691f-8839-1d66-812d-12aa3ceab865,bca1691f-8839-1d66-ed01-471134d55738,2018-08-22T11:39:55Z,74,M,,10.1,28.6,110.6,,,80.6,,,,,,,3.9,143.5,,8.8,1,1
bca1691f-8839-1d66-8172-0445f1204a6a,bca1691f-8839-1d66-ed01-471134d55738,2024-10-09T11:39:55Z,80,M,,8.5,28.4,104.6,,,86.4,,,,,,,5.2,140.3,,15.4,1,1
bca1691f-8839-1d66-829c-ade8d2a197b6,bca1691f-8839-1d66-ed01-471134d55738,2017-05-10T11:39:55Z,73,M,,8.9,28.9,110.5,,,64.9,,,,,,,4.2,141.9,,7.4,2,1
bca1691f-8839-1d66-83d2-57d075ab98a9,bca1691f-8839-1d66-ed01-471134d55738,2024-04-03T11:39:55Z,80,M,,9.2,21.1,102.3,,,67.8,,,,,,,3.8,140.9,,10.2,2,1
bca1691f-8839-1d66-8513-eb759c80e46b,bca1691f-8839-1d66-ed01-471134d55738,2023-08-09T11:39:55Z,79,M,,9.4,20.8,103.6,,,79.6,,,,,,,4.1,143.0,,18.4,1,1
bca1691f-8839-1d66-85e8-a0cda3c26c04,bca1691f-8839-1d66-ed01-471134d55738,2026-05-06T11:39:55Z,82,M,,9.3,26.5,102.8,,,95.9,,,,,,,4.0,136.4,,18.7,0,0
bca1691f-8839-1d66-864d-f517c1b42896,bca1691f-8839-1d66-ed01-471134d55738,2026-05-13T11:39:55Z,82,M,,8.6,24.2,107.8,,,66.3,,,,,,,4.5,137.9,,20.0,2,1
bca1691f-8839-1d66-86cf-203e0d3b9bfc,bca1691f-8839-1d66-ed01-471134d55738,2024-12-18T11:39:55Z,80,M,,8.9,22.8,101.7,,,91.1,,,,,,,3.7,142.7,,15.4,1,1
bca1691f-8839-1d66-8bf2-2318e7a3a590,bca1691f-8839-1d66-ed01-471134d55738,2024-09-18T13:53:55Z,80,M,53.5,9.9,25.0,107.3,,,84.6,,,,,,,3.7,142.9,,8.0,1,1
bca1691f-8839-1d66-8fb8-21d826ce2ba3,bca1691f-8839-1d66-ed01-471134d55738,2024-12-04T14:47:55Z,80,M,25.8,9.4,26.4,102.9,,,74.8,,,,,,,3.8,141.7,,9.0,0,0
bca1691f-8839-1d66-9138-4a0f2ca2d6dc,bca1691f-8839-1d66-ed01-471134d55738,2026-01-21T11:39:55Z,82,M,,8.7,21.5,105.9,,,71.0,,,,,,,4.7,140.4,,9.8,1,1
bca1691f-8839-1d66-91e6-c54adcc60425,bca1691f-8839-1d66-ed01-471134d55738,2026-04-22T11:39:55Z,82,M,,9.0,24.4,107.9,,,89.5,,,,,,,4.3,137.4,,8.8,1,1
bca1691f-8839-1d66-9339-d09560d59146,bca1691f-8839-1d66-ed01-471134d55738,2025-02-19T13:42:55Z,81,M,36.1,10.2,22.0,104.9,,,93.6,,,,,,,3.8,138.7,,12.1,1,1
bca1691f-8839-1d66-940d-1f2e300e7cd7,bca1691f-8839-1d66-ed01-471134d55738,2023-06-28T11:39:55Z,79,M,,9.1,26.7,102.5,,,99.2,,,,,,,4.0,137.5,,12.0,1,1
bca1691f-8839-1d66-9422-0adc478df70b,bca1691f-8839-1d66-ed01-471134d55738,2020-10-14T11:39:55Z,76,M,,9.5,24.5,106.6,,,65.1,,,,,,,3.9,141.1,,19.9,2,1
bca1691f-8839-1d66-94f6-bd2c12f81be6,bca1691f-8839-1d66-ed01-471134d55738,2017-06-07T11:39:55Z,73,M,,9.2,22.9,109.3,,,94.8,,,,,,,5.0,142.1,,11.9,2,1
bca1691f-8839-1d66-9506-b879a1d9c46b,bca1691f-8839-1d66-ed01-471134d55738,2017-06-28T11:39:55Z,73,M,,9.6,27.3,105.5,,,88.4,,,,,,,4.7,137.8,,11.6,0,0
bca1691f-8839-1d66-9565-c90d117de173,bca1691f-8839-1d66-ed01-471134d55738,2019-04-10T11:39:55Z,75,M,,9.1,20.0,107.6,,,96.4,,,,,,,4.3,140.0,,15.9,2,1
bca1691f-8839-1d66-9861-6b827ab55f9d,bca1691f-8839-1d66-ed01-471134d55738,2023-11-29T11:39:55Z,79,M,,8.7,25.5,106.1,,,75.9,,,,,,,3.8,143.9,,10.5,1,1
bca1691f-8839-1d66-9af5-32dea394ed1e,bca1691f-8839-1d66-ed01-471134d55738,2021-12-08T11:39:55Z,77,M,,9.2,21.9,102.9,,,97.9,,,,,,,4.8,137.3,,13.6,1,1
bca1691f-8839-1d66-9b3e-21861e9c3c94,bca1691f-8839-1d66-ed01-471134d55738,2020-01-15T11:39:55Z,76,M,,9.6,22.9,105.4,,,78.6,,,,,,,4.8,142.3,,11.6,1,1
bca1691f-8839-1d66-9df9-e8fd3edaede0,bca1691f-8839-1d66-ed01-471134d55738,2017-02-15T11:39:55Z,73,M,,9.3,23.8,108.5,,,73.3,,,,,,,5.1,138.5,,18.7,2,1
bca1691f-8839-1d66-9e60-de96bcfefa59,bca1691f-8839-1d66-ed01-471134d55738,2018-07-25T11:39:55Z,74,M,,9.4,25.4,110.4,,,95.0,,,,,,,4.2,142.5,,13.8,1,1
bca1691f-8839-1d66-9e93-5fc51ba0839e,bca1691f-8839-1d66-ed01-471134d55738,2024-06-12T11:39:55Z,80,M,,10.1,28.6,110.9,,,88.3,,,,,,,4.6,138.3,,19.0,1,1
bca1691f-8839-1d66-9ed9-2787a6a0686f,bca1691f-8839-1d66-ed01-471134d55738,2023-02-01T11:39:55Z,79,M,,9.4,28.1,109.2,,,99.8,,,,,,,3.8,141.9,,15.4,2,1
bca1691f-8839-1d66-a20c-3096f2eb9cbb,bca1691f-8839-1d66-ed01-471134d55738,2022-10-05T11:39:55Z,78,M,,10.0,22.6,107.4,,,66.3,,,,,,,4.9,140.0,,14.0,3,1
bca1691f-8839-1d66-a7d8-41067fbc83df,bca1691f-8839-1d66-ed01-471134d55738,2026-07-01T11:39:55Z,82,M,,9.0,27.2,108.1,,,99.2,,,,,,,4.7,138.5,,9.3,2,1
bca1691f-8839-1d66-a985-b2110ad17fe3,bca1691f-8839-1d66-ed01-471134d55738,2024-11-06T11:39:55Z,80,M,,10.0,20.2,105.0,,,92.6,,,,,,,5.1,137.1,,15.8,2,1
bca1691f-8839-1d66-aa90-6e96f7be0845,bca1691f-8839-1d66-ed01-471134d55738,2022-12-27T21:10:55Z,78,M,21.8,9.6,21.6,103.0,,,88.0,,,,,,,4.7,136.9,,10.0,1,1
bca1691f-8839-1d66-aabb-2b30e36bbe3a,bca1691f-8839-1d66-ed01-471134d55738,2024-05-01T11:39:55Z,80,M,,9.0,23.3,106.8,,,94.4,,,,,,,4.7,137.2,,18.6,1,1
bca1691f-8839-1d66-aaea-e70842dcb40b,bca1691f-8839-1d66-ed01-471134d55738,2025-08-23T18:42:55Z,81,M,37.4,8.7,26.6,110.7,,,69.8,,,,,,,5.1,136.6,,19.5,3,1
bca1691f-8839-1d66-ab4e-4cd6b5836da1,bca1691f-8839-1d66-ed01-471134d55738,2025-01-29T11:39:55Z,81,M,,9.4,29.0,105.1,,,92.3,,,,,,,4.0,143.8,,9.9,0,0
bca1691f-8839-1d66-ac1f-ef5e9dd25879,bca1691f-8839-1d66-ed01-471134d55738,2018-04-25T11:39:55Z,74,M,,8.7,21.2,109.6,,,88.7,,,,,,,5.0,142.4,,16.2,2,1
bca1691f-8839-1d66-acd2-712b63a5399c,bca1691f-8839-1d66-ed01-471134d55738,2024-03-20T15:22:55Z,80,M,44.6,8.8,21.6,110.2,,,68.2,,,,,,,4.2,140.4,,11.5,3,1
bca1691f-8839-1d66-add4-d563b226e54b,bca1691f-8839-1d66-ed01-471134d55738,2021-07-14T11:39:55Z,77,M,,8.9,22.9,109.0,,,85.6,,,,,,,4.5,139.7,,9.6,2,1
bca1691f-8839-1d66-aded-0feec304902b,bca1691f-8839-1d66-ed01-471134d55738,2024-05-29T13:42:55Z,80,M,36.4,9.7,26.7,102.6,,,69.2,,,,,,,3.9,138.3,,14.7,1,1
bca1691f-8839-1d66-ae83-62a6756b355c,bca1691f-8839-1d66-ed01-471134d55738,2022-05-28T14:41:55Z,78,M,47.5,9.1,25.1,107.3,,,76.7,,,,,,,3.9,140.5,,9.2,1,1
bca1691f-8839-1d66-aefb-e31ff5184bac,bca1691f-8839-1d66-ed01-471134d55738,2025-06-18T14:51:55Z,81,M,39.6,9.2,24.4,101.7,,,67.5,,,,,,,4.7,136.3,,18.4,1,1
bca1691f-8839-1d66-af1c-98b639a139ce,bca1691f-8839-1d66-ed01-471134d55738,2020-05-13T11:39:55Z,76,M,,8.7,27.1,106.3,,,65.7,,,,,,,4.1,143.7,,7.4,2,1
bca1691f-8839-1d66-afa7-5601f24afa56,bca1691f-8839-1d66-ed01-471134d55738,2025-06-04T11:39:55Z,81,M,,9.0,26.0,102.7,,,72.4,,,,,,,4.2,139.6,,8.8,0,0
bca1691f-8839-1d66-b081-a87bfd7a813c,bca1691f-8839-1d66-ed01-471134d55738,2026-03-18T14:57:55Z,82,M,33.6,10.0,22.1,105.0,,,69.9,,,,,,,5.2,142.7,,16.4,3,1
bca1691f-8839-1d66-b11d-1b4d83a66df3,bca1691f-8839-1d66-ed01-471134d55738,2024-03-06T11:39:55Z,80,M,,9.8,22.3,101.7,,,74.2,,,,,,,3.9,142.4,,20.0,1,1
bca1691f-8839-1d66-b14e-9bf6fb2b777b,bca1691f-8839-1d66-ed01-471134d55738,2023-10-18T11:39:55Z,79,M,,9.6,26.9,103.1,,,82.8,,,,,,,4.3,141.2,,16.6,0,0
bca1691f-8839-1d66-b1e3-eb696f370b8c,bca1691f-8839-1d66-ed01-471134d55738,2026-05-20T11:39:55Z,82,M,,9.0,28.4,107.4,,,77.7,,,,,,,5.1,142.5,,9.6,2,1
bca1691f-8839-1d66-b4bb-bddf9b7dbff5,bca1691f-8839-1d66-ed01-471134d55738,2024-04-10T11:39:55Z,80,M,,9.7,27.3,104.7,,,67.3,,,,,,,4.2,140.9,,13.7,1,1
bca1691f-8839-1d66-b5bf-7ad594b0a144,bca1691f-8839-1d66-ed01-471134d55738,2025-09-17T11:39:55Z,81,M,,8.9,25.4,101.8,,,79.2,,,,,,,5.0,136.0,,17.5,0,0
bca1691f-8839-1d66-b639-d5d7964a3ce3,bca1691f-8839-1d66-ed01-471134d55738,2026-02-04T14:26:55Z,82,M,51.2,9.9,21.0,105.7,,,94.5,,,,,,,5.0,136.8,,11.4,1,1
bca1691f-8839-1d66-b746-ceaede37658f,bca1691f-8839-1d66-ed01-471134d55738,2023-05-10T11:39:55Z,79,M,,8.8,24.8,110.6,,,83.6,,,,,,,4.5,136.7,,18.7,1,1
bca1691f-8839-1d66-ba62-7ed3c82920e5,bca1691f-8839-1d66-ed01-471134d55738,2019-08-21T11:39:55Z,75,M,,8.8,22.4,101.8,,,77.2,,,,,,,5.1,136.9,,17.3,2,1
bca1691f-8839-1d66-bac5-205c30668c19,bca1691f-8839-1d66-ed01-471134d55738,2025-07-09T11:39:55Z,81,M,,9.6,28.3,108.3,,,82.6,,,,,,,4.7,136.4,,8.8,1,1
bca1691f-8839-1d66-bad8-7aae47cba822,bca1691f-8839-1d66-ed01-471134d55738,2017-08-30T11:39:55Z,73,M,,8.6,28.8,104.7,,,95.4,,,,,,,4.3,142.5,,14.6,0,0
bca1691f-8839-1d66-bd64-984669580cf8,bca1691f-8839-1d66-ed01-471134d55738,2023-06-07T15:18:55Z,79,M,46.3,9.3,27.7,102.0,,,86.1,,,,,,,4.7,143.9,,11.8,0,0
bca1691f-8839-1d66-bdf3-e613d29da0d1,bca1691f-8839-1d66-ed01-471134d55738,2021-04-07T11:39:55Z,77,M,,9.9,25.5,109.4,,,74.3,,,,,,,4.3,141.5,,12.9,1,1
bca1691f-8839-1d66-bdf9-2bfaebe1be0d,bca1691f-8839-1d66-ed01-471134d55738,2025-03-26T11:39:55Z,81,M,,9.8,24.3,106.2,,,71.0,,,,,,,5.1,137.7,,13.1,2,1
bca1691f-8839-1d66-c087-7d0b3e73f30d,bca1691f-8839-1d66-ed01-471134d55738,2019-05-01T11:39:55Z,75,M,,9.0,22.8,108.0,,,99.0,,,,,,,4.7,139.4,,15.5,2,1
bca1691f-8839-1d66-c148-024c38c83737,bca1691f-8839-1d66-ed01-471134d55738,2024-04-17T11:39:55Z,80,M,,9.0,21.0,109.2,,,93.0,,,,,,,3.8,142.6,,17.6,2,1
bca1691f-8839-1d66-c230-d71581c52147,bca1691f-8839-1d66-ed01-471134d55738,2019-12-18T11:39:55Z,75,M,,9.2,22.6,108.0,,,99.2,,,,,,,4.9,141.1,,18.2,3,1
bca1691f-8839-1d66-c3ef-792605071b5e,bca1691f-8839-1d66-ed01-471134d55738,2020-10-28T11:39:55Z,76,M,,9.4,25.3,104.0,,,79.0,,,,,,,5.0,137.4,,8.9,0,0
bca1691f-8839-1d66-c613-177636677dc6,bca1691f-8839-1d66-ed01-471134d55738,2025-03-12T11:39:55Z,81,M,,9.0,22.0,110.8,,,98.5,,,,,,,3.8,138.7,,9.7,2,1
bca1691f-8839-1d66-c6d9-35bbe965ec0f,bca1691f-8839-1d66-ed01-471134d55738,2020-09-09T11:39:55Z,76,M,,10.1,22.4,107.5,,,75.0,,,,,,,4.5,136.3,,15.4,2,1
bca1691f-8839-1d66-c6e2-b19c3bb62dcd,bca1691f-8839-1d66-ed01-471134d55738,2023-09-27T13:45:55Z,79,M,44.7,9.4,21.6,110.2,,,97.6,,,,,,,3.8,136.9,,11.0,2,1
bca1691f-8839-1d66-c701-29b284de2e4b,bca1691f-8839-1d66-ed01-471134d55738,2020-02-12T11:39:55Z,76,M,,8.7,28.1,105.2,,,65.8,,,,,,,4.0,136.5,,15.6,1,1
bca1691f-8839-1d66-c850-e73dfda7e48f,bca1691f-8839-1d66-ed01-471134d55738,2023-06-14T11:39:55Z,79,M,48.6,9.3,27.7,102.0,,,86.1,,,,,,,4.7,143.9,,11.8,0,0
bca1691f-8839-1d66-c933-fadd20531121,bca1691f-8839-1d66-ed01-471134d55738,2018-02-28T11:39:55Z,74,M,,9.9,28.7,102.5,,,65.9,,,,,,,5.1,137.4,,17.3,2,1
bca1691f-8839-1d66-ca3b-ec38322bcb6e,bca1691f-8839-1d66-ed01-471134d55738,2016-10-05T11:39:55Z,72,M,,8.6,23.6,105.7,,,73.3,,,,,,,4.1,139.8,,18.4,0,0
bca1691f-8839-1d66-ca93-8a3acd49ab55,bca1691f-8839-1d66-ed01-471134d55738,2022-06-24T11:39:55Z,78,M,,8.7,26.5,108.5,,,84.2,,,,,,,3.9,140.0,,9.6,1,1
bca1691f-8839-1d66-cd2e-c2396d5d30d2,bca1691f-8839-1d66-ed01-471134d55738,2017-02-22T11:39:55Z,73,M,,9.0,25.2,110.9,,,71.8,,,,,,,4.8,137.4,,13.5,1,1
bca1691f-8839-1d66-cf27-15a984f3cfa7,bca1691f-8839-1d66-ed01-471134d55738,2024-11-13T11:39:55Z,80,M,,10.2,20.9,107.6,,,84.3,,,,,,,5.0,138.1,,9.0,2,1
bca1691f-8839-1d66-d5a2-1ffab8c11a17,bca1691f-8839-1d66-ed01-471134d55738,2024-07-17T11:39:55Z,80,M,29.3,9.1,28.9,106.8,,,66.6,,,,,,,4.8,143.1,,18.4,2,1
bca1691f-8839-1d66-d788-70bc32b961b2,bca1691f-8839-1d66-ed01-471134d55738,2024-06-26T11:39:55Z,80,M,,8.7,26.6,110.9,,,73.1,,,,,,,4.9,136.5,,9.3,1,1
bca1691f-8839-1d66-d7ae-fe369e19e62b,bca1691f-8839-1d66-ed01-471134d55738,2024-01-24T11:39:55Z,80,M,,10.0,25.1,104.6,,,67.5,,,,,,,5.1,139.2,,19.1,2,1
bca1691f-8839-1d66-d817-a5e2798c3851,bca1691f-8839-1d66-ed01-471134d55738,2023-03-11T16:54:55Z,79,M,59.2,8.6,26.4,110.4,,,69.5,,,,,,,4.3,142.8,,18.0,3,1
bca1691f-8839-1d66-d829-87c62557bb55,bca1691f-8839-1d66-ed01-471134d55738,2024-09-04T11:39:55Z,80,M,,8.7,22.5,104.8,,,76.8,,,,,,,4.7,140.0,,17.4,1,1
bca1691f-8839-1d66-dbd1-d678f0ade177,bca1691f-8839-1d66-ed01-471134d55738,2025-09-10T11:39:55Z,81,M,,10.0,27.9,101.1,,,82.8,,,,,,,4.6,136.6,,13.5,0,0
bca1691f-8839-1d66-dbe4-fb4d5912c0ae,bca1691f-8839-1d66-ed01-471134d55738,2022-11-26T17:22:55Z,78,M,46.0,8.6,23.8,110.3,,,91.2,,,,,,,4.7,136.2,,18.9,1,1
bca1691f-8839-1d66-e07d-45056ec6915b,bca1691f-8839-1d66-ed01-471134d55738,2023-01-11T11:39:55Z,79,M,,10.1,20.1,109.5,,,98.4,,,,,,,4.9,136.3,,18.2,2,1
bca1691f-8839-1d66-e0ed-fac8b2cab62f,bca1691f-8839-1d66-ed01-471134d55738,2023-12-20T15:01:55Z,79,M,22.9,9.3,23.2,106.5,,,83.7,,,,,,,4.1,138.2,,16.1,1,1
bca1691f-8839-1d66-e1fe-900a2b7057bc,bca1691f-8839-1d66-ed01-471134d55738,2017-04-19T11:39:55Z,73,M,,9.5,22.2,108.1,,,79.7,,,,,,,4.2,143.5,,19.1,2,1
bca1691f-8839-1d66-e383-47a7bc7fe0a8,bca1691f-8839-1d66-ed01-471134d55738,2023-09-13T11:39:55Z,79,M,,8.7,26.2,105.0,,,78.0,,,,,,,4.9,143.0,,10.9,0,0
bca1691f-8839-1d66-e43b-18109c66ecf6,bca1691f-8839-1d66-ed01-471134d55738,2020-06-17T11:39:55Z,76,M,,9.9,21.5,109.8,,,97.3,,,,,,,3.8,142.0,,18.0,2,1
bca1691f-8839-1d66-e457-1b9a05d551db,bca1691f-8839-1d66-ed01-471134d55738,2023-02-08T14:14:55Z,79,M,49.8,9.2,26.8,103.2,,,72.8,,,,,,,3.8,140.5,,12.1,0,0
bca1691f-8839-1d66-e60d-038d2c673f33,bca1691f-8839-1d66-ed01-471134d55738,2023-08-23T15:12:55Z,79,M,23.6,9.3,28.2,109.0,,,72.7,,,,,,,4.9,143.4,,15.2,1,1
bca1691f-8839-1d66-e6ee-293d125bd7da,bca1691f-8839-1d66-ed01-471134d55738,2022-08-24T11:39:55Z,78,M,,9.7,24.5,103.2,,,91.4,,,,,,,4.9,138.7,,12.4,0,0
bca1691f-8839-1d66-e719-054079cd47ce,bca1691f-8839-1d66-ed01-471134d55738,2023-05-17T11:39:55Z,79,M,,10.2,27.2,106.5,,,74.2,,,,,,,4.0,141.4,,18.5,1,1
bca1691f-8839-1d66-e73a-cd4ec2f916d9,bca1691f-8839-1d66-ed01-471134d55738,2022-01-05T11:39:55Z,78,M,,9.5,23.9,105.6,,,65.9,,,,,,,4.3,142.9,,15.3,1,1
bca1691f-8839-1d66-e75f-c1573720a806,bca1691f-8839-1d66-ed01-471134d55738,2021-04-21T11:39:55Z,77,M,,9.4,25.2,110.1,,,70.5,,,,,,,4.7,136.8,,19.7,1,1
bca1691f-8839-1d66-e76e-1a640e1fb064,bca1691f-8839-1d66-ed01-471134d55738,2026-06-24T11:39:55Z,82,M,,9.2,20.2,107.9,,,92.6,,,,,,,5.0,142.1,,10.8,2,1
bca1691f-8839-1d66-ea98-560866730b1e,bca1691f-8839-1d66-ed01-471134d55738,2023-05-03T11:39:55Z,79,M,,8.9,26.7,108.9,,,72.2,,,,,,,4.0,142.6,,12.9,1,1
bca1691f-8839-1d66-ebfe-a662eafa6bbf,bca1691f-8839-1d66-ed01-471134d55738,2025-04-30T11:39:55Z,81,M,,10.2,26.0,109.8,,,71.4,,,,,,,5.2,137.5,,8.9,2,1
bca1691f-8839-1d66-ef1a-1547ecbf2ccc,bca1691f-8839-1d66-ed01-471134d55738,2022-11-09T11:39:55Z,78,M,,9.6,26.5,101.1,,,89.9,,,,,,,4.2,138.7,,17.8,0,0
bca1691f-8839-1d66-ef35-f2b9a6b33361,bca1691f-8839-1d66-ed01-471134d55738,2024-07-24T11:39:55Z,80,M,,9.3,23.6,110.0,,,64.1,,,,,,,4.1,141.6,,17.2,2,1
bca1691f-8839-1d66-f04b-5f9687923cd3,bca1691f-8839-1d66-ed01-471134d55738,2017-10-25T11:39:55Z,73,M,,8.8,25.9,102.8,,,78.7,,,,,,,4.0,138.6,,11.0,0,0
bca1691f-8839-1d66-f199-37a1cd39486a,bca1691f-8839-1d66-ed01-471134d55738,2023-07-05T11:39:55Z,79,M,,8.8,20.0,111.0,,,83.0,,,,,,,3.8,143.1,,10.2,2,1
bca1691f-8839-1d66-f1a3-fb65aab9a11b,bca1691f-8839-1d66-ed01-471134d55738,2018-03-28T11:39:55Z,74,M,,8.7,28.7,110.5,,,66.2,,,,,,,4.7,139.8,,11.1,2,1
bca1691f-8839-1d66-f24b-e22796e0f7d2,bca1691f-8839-1d66-ed01-471134d55738,2022-10-12T11:39:55Z,78,M,,10.0,26.7,110.3,,,75.5,,,,,,,4.6,142.3,,9.6,1,1
bca1691f-8839-1d66-f328-07432cf48e3d,bca1691f-8839-1d66-ed01-471134d55738,2024-08-28T11:39:55Z,80,M,,8.8,20.8,107.3,,,68.2,,,,,,,3.9,139.6,,10.1,3,1
bca1691f-8839-1d66-f496-2a1b7799b7c5,bca1691f-8839-1d66-ed01-471134d55738,2019-03-20T11:39:55Z,75,M,,9.8,23.1,108.8,,,92.3,,,,,,,4.2,143.4,,16.4,1,1
bca1691f-8839-1d66-f5fa-bc0252b671aa,bca1691f-8839-1d66-ed01-471134d55738,2022-07-06T11:39:55Z,78,M,,9.1,25.7,109.1,,,84.1,,,,,,,5.0,142.0,,18.5,1,1
bca1691f-8839-1d66-f691-27d2916d884a,bca1691f-8839-1d66-ed01-471134d55738,2017-03-29T11:39:55Z,73,M,,8.8,20.3,102.6,,,65.2,,,,,,,5.1,142.3,,11.4,3,1
bca1691f-8839-1d66-f7b1-e465a8b6f1fd,bca1691f-8839-1d66-ed01-471134d55738,2025-08-06T11:39:55Z,81,M,,9.4,28.9,105.9,,,91.1,,,,,,,4.3,137.5,,8.3,0,0
bca1691f-8839-1d66-f8eb-e1b017f67e3f,bca1691f-8839-1d66-ed01-471134d55738,2021-05-28T11:39:55Z,77,M,46.9,9.7,27.1,109.0,,,66.2,,,,,,,3.8,142.2,,14.1,2,1
bca1691f-8839-1d66-f96e-2b72189bb0ac,bca1691f-8839-1d66-ed01-471134d55738,2018-05-16T11:39:55Z,74,M,34.0,9.6,20.8,101.7,,,76.8,,,,,,,4.5,136.1,,15.2,1,1
bca1691f-8839-1d66-f9bf-1f75b2594da5,bca1691f-8839-1d66-ed01-471134d55738,2024-02-14T15:16:55Z,80,M,49.5,9.4,22.6,107.8,,,83.9,,,,,,,3.8,137.2,,17.8,2,1
bca1691f-8839-1d66-fab1-5567381bfd67,bca1691f-8839-1d66-ed01-471134d55738,2020-04-22T11:39:55Z,76,M,,8.5,20.3,103.1,,,97.4,,,,,,,4.8,143.0,,10.8,1,1
bca1691f-8839-1d66-ff2a-6d5fe62f01ba,bca1691f-8839-1d66-ed01-471134d55738,2021-09-08T11:39:55Z,77,M,,8.8,20.7,104.8,,,94.5,,,,,,,4.9,141.7,,17.9,1,1
bd4e49cb-391b-d08a-4fe8-bb711fd1e919,bd4e49cb-391b-d08a-c7ab-b585e7bd5758,2019-02-17T00:31:32Z,35,M,,,,,4.0,,,,46.4,16.0,4.8,84.6,201.3,,,,,1,1
bd4e49cb-391b-d08a-997d-bf76aa8e6714,bd4e49cb-391b-d08a-c7ab-b585e7bd5758,2024-12-08T00:31:32Z,40,M,,9.5,28.0,103.0,5.4,,73.2,5.9,41.8,16.6,8.1,91.4,223.5,5.1,138.7,,12.1,2,1
c823813e-2588-4814-139d-ff62143f795b,c823813e-2588-4814-6eb4-824974791862,2022-10-02T05:13:47Z,42,F,,8.5,27.6,110.1,,,98.0,6.1,,,,,,4.5,139.9,,14.8,2,1
c823813e-2588-4814-3dd8-7507cd8cb161,c823813e-2588-4814-6eb4-824974791862,2024-10-06T05:13:47Z,44,F,,8.9,25.4,105.5,,,74.2,6.4,,,,,,5.1,141.9,,10.7,2,1
c823813e-2588-4814-5fa0-35a17e2893e8,c823813e-2588-4814-6eb4-824974791862,2020-09-27T05:13:47Z,40,F,,9.5,28.7,103.8,,,70.7,6.4,,,,,,4.2,143.0,,10.4,1,1
c823813e-2588-4814-90c1-24c32b687832,c823813e-2588-4814-6eb4-824974791862,2018-07-22T05:13:47Z,38,F,,8.6,27.7,101.9,,,90.7,5.8,,,,,,4.7,143.2,,15.6,1,1
c823813e-2588-4814-a330-6e596b8fd9ae,c823813e-2588-4814-6eb4-824974791862,2017-12-10T05:13:47Z,37,F,,10.0,28.4,110.4,,,71.7,6.2,,,,,,3.7,140.6,,15.6,2,1
c823813e-2588-4814-b3f9-05fb27cbb683,c823813e-2588-4814-6eb4-824974791862,2020-03-22T05:13:47Z,40,F,,9.1,24.8,104.0,4.1,,64.7,6.1,36.3,16.5,5.7,93.3,209.9,4.5,143.0,,10.9,4,1
c823813e-2588-4814-cde6-89d98eaef607,c823813e-2588-4814-6eb4-824974791862,2018-07-29T05:13:47Z,38,F,,,,,5.2,,,,,11.9,4.6,93.0,269.4,,,,,2,1
ca443842-f546-d34c-1d9e-ad488a49c2cd,ca443842-f546-d34c-a69b-b044cfe007d9,2023-04-01T09:55:21Z,38,F,,9.6,24.5,108.8,,,65.4,6.3,,,,,,3.7,136.5,,10.4,3,1
ca443842-f546-d34c-1e60-c14ba2d3a65e,ca443842-f546-d34c-a69b-b044cfe007d9,2026-04-18T09:55:21Z,41,F,,9.1,22.0,105.7,,,90.1,6.4,,,,,,5.0,140.5,,8.5,2,1
ca443842-f546-d34c-3b47-9aa1948dc91a,ca443842-f546-d34c-a69b-b044cfe007d9,2021-03-20T09:55:21Z,36,F,,9.8,25.6,102.1,,,71.6,5.8,,,,,,4.4,139.2,,8.3,1,1
ca443842-f546-d34c-4661-6ae0c1eaed89,ca443842-f546-d34c-a69b-b044cfe007d9,2017-02-25T09:55:21Z,32,F,,8.6,21.3,105.8,,,71.8,6.3,,,,,,3.9,139.6,,14.8,2,1
ca443842-f546-d34c-56ab-0614245c6ece,ca443842-f546-d34c-a69b-b044cfe007d9,2019-03-09T09:55:21Z,34,F,,8.9,26.8,104.3,5.1,,93.6,6.1,47.6,15.7,7.4,95.0,275.4,3.8,143.4,,11.5,3,1
ca443842-f546-d34c-7998-191bb88e4a91,ca443842-f546-d34c-a69b-b044cfe007d9,2025-04-12T09:55:21Z,40,F,,10.0,23.3,108.2,,,83.4,5.9,,,,,,4.8,143.3,,17.4,2,1
ca443842-f546-d34c-935e-84439a1e3aca,ca443842-f546-d34c-a69b-b044cfe007d9,2018-03-03T09:55:21Z,33,F,,9.9,21.4,104.3,,,74.5,6.3,,,,,,4.7,138.6,,19.7,2,1
ca443842-f546-d34c-bb1e-a07155e1b996,ca443842-f546-d34c-a69b-b044cfe007d9,2024-04-06T09:55:21Z,39,F,,9.9,27.3,107.4,5.1,,98.9,6.1,49.6,14.4,5.1,88.6,435.9,3.7,138.9,,11.8,4,1
ca443842-f546-d34c-cd0d-efc1886d2b52,ca443842-f546-d34c-a69b-b044cfe007d9,2020-03-14T09:55:21Z,35,F,,8.6,25.1,104.7,,,86.5,6.4,,,,,,5.1,139.1,,14.9,2,1
ca443842-f546-d34c-e2b8-d0be116f778b,ca443842-f546-d34c-a69b-b044cfe007d9,2022-03-26T09:55:21Z,37,F,,9.4,20.5,102.5,,,88.0,6.0,,,,,,4.1,136.1,,9.7,2,1
cbd1dd48-89c3-3fdb-2b28-d3b8d99c9a9c,cbd1dd48-89c3-3fdb-434e-3f0802738abf,2022-12-06T19:09:30Z,33,F,,,,,5.1,,,,41.9,13.6,9.1,92.7,276.6,,,,,1,1
cbd1dd48-89c3-3fdb-76d1-dde4591fbf51,cbd1dd48-89c3-3fdb-434e-3f0802738abf,2017-09-12T19:09:30Z,28,F,,,,,4.5,,,,39.1,17.5,9.2,81.5,364.0,,,,,1,1
cc3eac4a-34a7-9a15-0045-5d8e18d8dd42,cc3eac4a-34a7-9a15-1522-8087135631b7,2026-02-09T08:35:36Z,48,M,,10.1,25.2,103.3,,,73.8,6.1,,,,,,5.0,143.3,,10.8,1,1
cc3eac4a-34a7-9a15-65ed-a29acec55dc1,cc3eac4a-34a7-9a15-1522-8087135631b7,2024-02-05T08:35:36Z,46,M,,8.6,26.8,107.6,4.7,,64.9,5.8,45.5,12.1,5.0,93.4,207.8,4.2,136.4,,18.4,4,1
cc3eac4a-34a7-9a15-747e-7510e2463417,cc3eac4a-34a7-9a15-1522-8087135631b7,2020-01-27T08:35:36Z,42,M,,8.8,20.2,106.4,,,85.9,5.9,,,,,,4.5,138.8,,16.9,3,1
cc3eac4a-34a7-9a15-ca32-5d73928c0a72,cc3eac4a-34a7-9a15-1522-8087135631b7,2022-01-31T08:35:36Z,44,M,,9.3,26.5,101.3,,,90.3,6.1,,,,,,4.5,136.9,,8.8,1,1
cc3eac4a-34a7-9a15-da83-de2c625ae978,cc3eac4a-34a7-9a15-1522-8087135631b7,2018-01-22T08:35:36Z,40,M,,9.3,20.5,104.3,5.2,,71.3,6.3,42.8,16.8,6.4,81.2,158.9,3.9,140.1,,12.6,2,1
d21f2794-014b-c66b-4581-99a6aa895d95,d21f2794-014b-c66b-3688-888382ab7434,2019-03-17T01:56:54Z,40,F,,,,,5.4,,,,45.7,13.1,7.7,80.3,424.7,,,,,1,1
d21f2794-014b-c66b-69b3-29dd92edf4a2,d21f2794-014b-c66b-3688-888382ab7434,2024-04-14T01:56:54Z,45,F,,,,,5.4,,,,46.9,13.2,8.4,86.1,236.7,,,,,1,1
d309f605-948b-962f-0322-36df06ef3f81,d309f605-948b-962f-ca72-878ce8b8d154,2025-01-05T22:44:41Z,64,F,,9.5,27.5,107.1,,,83.1,6.1,,,,,,4.6,138.9,,9.3,2,1
d309f605-948b-962f-25c3-ecca6415c4c7,d309f605-948b-962f-ca72-878ce8b8d154,2018-12-02T22:44:41Z,57,F,,9.9,28.6,101.5,,,94.6,5.9,,,,,,4.6,141.4,,17.2,1,1
d309f605-948b-962f-5179-e61f81de96bb,d309f605-948b-962f-ca72-878ce8b8d154,2017-12-10T22:44:41Z,56,F,,9.4,20.7,110.4,,,83.8,6.2,,,,,,4.9,143.2,,15.1,3,1
d309f605-948b-962f-5f1e-6c724ee1e8f2,d309f605-948b-962f-ca72-878ce8b8d154,2026-01-11T22:44:41Z,65,F,,8.6,22.6,102.7,5.5,,88.7,6.3,44.0,16.3,9.8,86.9,313.6,5.1,143.7,,16.7,5,1
d309f605-948b-962f-67fc-0b12733f6ba5,d309f605-948b-962f-ca72-878ce8b8d154,2016-11-20T22:44:41Z,55,F,,8.9,24.6,102.1,,,99.2,6.0,,,,,,4.7,137.9,,14.1,2,1
d309f605-948b-962f-7096-d3364a0d5d46,d309f605-948b-962f-ca72-878ce8b8d154,2023-12-31T22:44:41Z,62,F,,9.2,23.7,103.8,,,81.8,6.3,,,,,,5.0,140.8,,16.9,1,1
d309f605-948b-962f-ad66-08d072919154,d309f605-948b-962f-ca72-878ce8b8d154,2024-09-15T22:44:41Z,63,F,,8.8,20.8,107.6,,,78.5,5.9,,,,,,4.4,142.5,,12.6,3,1
d309f605-948b-962f-b697-67f8d7e2c62f,d309f605-948b-962f-ca72-878ce8b8d154,2017-11-26T22:44:41Z,56,F,,9.2,27.4,101.1,,,87.2,6.2,,,,,,4.8,141.8,,14.8,1,1
d309f605-948b-962f-b739-cc8e762f090a,d309f605-948b-962f-ca72-878ce8b8d154,2022-12-25T22:44:41Z,61,F,,8.7,21.8,104.2,,,66.8,6.1,,,,,,4.3,139.9,,19.3,3,1
d309f605-948b-962f-e455-7698bb43f126,d309f605-948b-962f-ca72-878ce8b8d154,2020-12-13T22:44:41Z,59,F,,10.1,28.4,102.3,4.2,,97.6,6.2,49.9,17.2,7.6,90.7,342.4,5.0,141.3,,13.3,3,1
d309f605-948b-962f-ee7e-65b380f22273,d309f605-948b-962f-ca72-878ce8b8d154,2021-12-19T22:44:41Z,60,F,,9.4,23.1,106.8,,,84.7,6.1,,,,,,4.9,139.6,,9.3,2,1
d309f605-948b-962f-fdeb-fc421f7e8adf,d309f605-948b-962f-ca72-878ce8b8d154,2019-12-08T22:44:41Z,58,F,,9.3,26.4,102.2,,,88.2,6.3,,,,,,4.5,139.2,,7.6,1,1
d537941e-1fb7-9868-b1bb-d0b91d67649f,d537941e-1fb7-9868-939a-a26252da8be1,2018-09-30T04:59:04Z,28,F,,,,,5.1,,,,47.2,16.9,8.7,87.3,213.3,,,,,2,1
d537941e-1fb7-9868-e7ff-2504bb7a622d,d537941e-1fb7-9868-939a-a26252da8be1,2019-08-25T04:59:04Z,29,F,,,,,4.8,,,,,9.6,7.9,85.1,313.5,,,,,1,1
d537941e-1fb7-9868-ee44-da8bc88b4fd6,d537941e-1fb7-9868-939a-a26252da8be1,2024-08-11T04:59:04Z,34,F,,,,,4.0,,,,37.8,15.0,4.0,85.6,260.8,,,,,0,0
e142981b-3577-4115-bddc-c6a2733dfeac,e142981b-3577-4115-584d-d9676df7fcff,2020-10-10T10:46:29Z,40,M,,,,,4.3,,,,39.2,14.3,4.9,83.8,196.9,,,,,1,1
e170fdcd-8830-89c4-4b91-08fd856b4dbd,e170fdcd-8830-89c4-94b2-aaf7f35ca9c5,2019-02-25T01:49:36Z,29,F,,9.4,26.4,107.5,4.3,,73.0,6.2,44.5,15.6,7.7,88.2,166.2,5.0,139.3,,10.1,3,1
e170fdcd-8830-89c4-7b17-28a759583522,e170fdcd-8830-89c4-94b2-aaf7f35ca9c5,2022-02-28T01:49:36Z,32,F,,9.5,22.1,108.0,,,68.5,6.3,,,,,,4.3,138.4,,13.7,4,1
e170fdcd-8830-89c4-f3ad-500cfe98531c,e170fdcd-8830-89c4-94b2-aaf7f35ca9c5,2025-03-03T01:49:36Z,35,F,,8.5,27.4,104.9,5.1,,83.6,6.4,43.7,15.9,5.6,93.4,442.9,4.6,139.1,,7.1,3,1
e503e9b3-d149-653b-1226-7d518d871b57,e503e9b3-d149-653b-92df-ca4a8cb68e16,2021-11-08T07:51:22Z,37,F,,8.7,23.9,102.6,,,97.1,6.1,,,,,,4.3,139.8,,18.8,1,1
e503e9b3-d149-653b-3cb3-3bca83381510,e503e9b3-d149-653b-92df-ca4a8cb68e16,2018-11-05T07:51:22Z,34,F,,8.8,21.1,102.6,4.0,,79.8,6.4,36.2,13.5,8.0,80.5,194.8,4.5,141.1,,13.9,3,1
e503e9b3-d149-653b-a01b-9241bfd8b58d,e503e9b3-d149-653b-92df-ca4a8cb68e16,2024-10-14T07:51:22Z,40,F,,9.0,24.6,101.0,4.2,,80.3,5.9,45.2,16.1,6.9,84.5,188.1,4.1,139.5,,17.9,2,1
e7c068bb-6d29-27d3-3ba5-7c6572777ae0,e7c068bb-6d29-27d3-0b8b-ec0406cc91b7,2021-03-24T00:33:56Z,28,F,,9.2,21.7,108.6,,,92.5,6.2,,,,,,3.8,141.3,,14.9,3,1
e7c068bb-6d29-27d3-4e94-72e18f23c10f,e7c068bb-6d29-27d3-0b8b-ec0406cc91b7,2019-03-13T00:33:56Z,26,F,,8.9,27.0,104.3,,,93.8,6.0,,,,,,4.0,141.7,,17.6,1,1
e7c068bb-6d29-27d3-58c8-a84034e72d1b,e7c068bb-6d29-27d3-0b8b-ec0406cc91b7,2020-03-18T00:33:56Z,27,F,,9.1,22.0,110.9,4.4,,68.1,6.1,48.1,13.5,4.4,80.6,207.5,4.2,139.3,,7.9,5,1
e7c068bb-6d29-27d3-8f8b-d81034517071,e7c068bb-6d29-27d3-0b8b-ec0406cc91b7,2022-03-30T00:33:56Z,29,F,,9.7,28.5,109.7,,,83.8,6.2,,,,,,4.1,139.9,,16.4,2,1
e7c068bb-6d29-27d3-9ec4-e35b2664fc79,e7c068bb-6d29-27d3-0b8b-ec0406cc91b7,2023-04-05T00:33:56Z,30,F,,8.6,28.8,104.0,,,97.4,6.1,,,,,,4.2,136.9,,18.6,1,1
e7c068bb-6d29-27d3-a5b5-a0997a1e8c70,e7c068bb-6d29-27d3-0b8b-ec0406cc91b7,2019-03-20T00:33:56Z,26,F,,,,,4.6,,,,,11.3,9.4,94.7,444.6,,,,,1,1
e7c068bb-6d29-27d3-bc0e-7e364a230489,e7c068bb-6d29-27d3-0b8b-ec0406cc91b7,2025-04-16T00:33:56Z,32,F,,9.3,23.9,103.9,5.1,,93.5,6.2,40.4,12.1,8.5,90.0,432.4,4.2,141.1,,19.4,2,1
e7c068bb-6d29-27d3-c888-6b02b3fc5a4d,e7c068bb-6d29-27d3-0b8b-ec0406cc91b7,2024-04-10T00:33:56Z,31,F,,9.6,22.9,103.9,,,70.2,6.2,,,,,,5.1,141.0,,13.9,3,1
e7c068bb-6d29-27d3-f148-975a090b9ce7,e7c068bb-6d29-27d3-0b8b-ec0406cc91b7,2026-04-22T00:33:56Z,33,F,,8.6,26.8,108.5,,,92.6,5.9,,,,,,4.2,140.0,,19.4,2,1
f5749532-3295-ad01-0049-abe9f9382d17,f5749532-3295-ad01-d9b5-932c997e7a01,2016-09-26T07:20:24Z,44,F,,8.7,27.8,103.7,,,91.6,6.0,,,,,,4.9,140.0,,7.5,1,1
f5749532-3295-ad01-1f5f-89549394d085,f5749532-3295-ad01-d9b5-932c997e7a01,2022-09-12T07:20:24Z,50,F,,9.1,22.8,107.8,,,67.8,6.3,,,,,,4.4,141.5,,9.4,4,1
f5749532-3295-ad01-6506-a9bcd107ca02,f5749532-3295-ad01-d9b5-932c997e7a01,2018-10-01T07:20:24Z,46,F,,9.5,26.0,102.9,,,97.2,6.3,,,,,,5.0,142.2,,15.8,1,1
f5749532-3295-ad01-6cbd-ec9547d6551c,f5749532-3295-ad01-d9b5-932c997e7a01,2023-09-18T07:20:24Z,51,F,,8.8,23.3,107.8,5.1,,100.0,6.3,39.2,14.4,8.2,93.9,287.3,5.0,143.7,,7.0,4,1
f5749532-3295-ad01-7458-0a7edc951fd9,f5749532-3295-ad01-d9b5-932c997e7a01,2017-11-20T07:20:24Z,45,F,,9.1,25.6,107.6,4.1,,89.2,5.9,41.9,15.3,6.5,82.1,378.2,4.2,137.6,,10.6,2,1
f5749532-3295-ad01-7a44-711db61d3a16,f5749532-3295-ad01-d9b5-932c997e7a01,2020-10-05T07:20:24Z,48,F,,8.6,27.4,104.8,,,91.5,6.3,,,,,,3.9,142.1,,9.8,1,1
f5749532-3295-ad01-8285-7d02efa5284b,f5749532-3295-ad01-d9b5-932c997e7a01,2025-09-29T07:20:24Z,53,F,,9.4,28.9,101.1,,,78.1,6.3,,,,,,3.9,138.1,,10.0,1,1
f5749532-3295-ad01-b7a2-ddd897c9e7da,f5749532-3295-ad01-d9b5-932c997e7a01,2024-09-23T07:20:24Z,52,F,,10.2,26.5,108.1,,,87.9,6.2,,,,,,5.2,138.8,,11.6,3,1
f6359fe4-4340-2820-fed6-c36b23d56f1b,f6359fe4-4340-2820-8b76-593a45f5186c,2025-01-14T02:34:22Z,19,F,,10.0,28.2,107.6,4.8,,91.3,,41.4,12.6,7.5,91.2,339.3,3.8,142.5,,18.5,1,1
f6745f8a-8107-443e-1b33-f84b54b63091,f6745f8a-8107-443e-8946-3e6329d20408,2025-09-17T12:10:58Z,72,M,53.6,10.1,25.1,105.1,,,83.7,,,,,,,5.0,137.3,,7.2,0,0
f6745f8a-8107-443e-45e5-8e9615f97844,f6745f8a-8107-443e-8946-3e6329d20408,2021-08-25T12:10:58Z,68,M,20.4,9.0,28.4,107.5,,,67.4,,,,,,,4.4,142.5,,15.8,2,1
f6745f8a-8107-443e-4d0e-2bb8614839ae,f6745f8a-8107-443e-8946-3e6329d20408,2023-09-06T12:10:58Z,70,M,28.7,9.8,24.5,106.7,,,70.6,,,,,,,4.3,136.2,,7.6,1,1
f6745f8a-8107-443e-4e0c-6bc5a3b27d46,f6745f8a-8107-443e-8946-3e6329d20408,2022-08-30T12:10:58Z,69,M,,9.9,27.7,103.4,,,83.9,6.0,,,,,,5.2,140.3,,12.1,2,1
f6745f8a-8107-443e-655e-fb9dca4b48ba,f6745f8a-8107-443e-8946-3e6329d20408,2020-08-18T12:10:58Z,67,M,,10.0,26.9,102.2,4.7,,69.1,6.1,42.4,16.1,8.3,92.5,372.2,4.5,143.7,,13.0,2,1
f6745f8a-8107-443e-7681-ae7f4965585e,f6745f8a-8107-443e-8946-3e6329d20408,2019-08-13T12:10:58Z,66,M,,9.6,21.3,105.0,,,76.8,6.1,,,,,,3.8,141.9,,15.3,2,1
f6745f8a-8107-443e-88cb-23505c5e6d38,f6745f8a-8107-443e-8946-3e6329d20408,2018-08-07T12:10:58Z,65,M,,9.9,20.2,107.7,,,85.2,6.0,,,,,,4.6,139.5,,16.1,3,1
f6745f8a-8107-443e-97e8-bc81256b6e0b,f6745f8a-8107-443e-8946-3e6329d20408,2020-08-25T12:10:58Z,67,M,42.9,8.8,26.1,102.3,,,68.6,,,,,,,4.3,136.3,,7.5,1,1
f6745f8a-8107-443e-a06a-e08bf3292dd8,f6745f8a-8107-443e-8946-3e6329d20408,2024-09-17T12:10:58Z,71,M,53.3,9.0,20.9,104.3,,,68.6,,,,,,,4.6,140.0,,10.0,2,1
f6745f8a-8107-443e-a0e9-70e3c110808b,f6745f8a-8107-443e-8946-3e6329d20408,2023-09-05T12:10:58Z,70,M,,9.8,21.6,106.3,,,67.6,6.3,,,,,,4.6,141.5,,12.3,4,1
f6745f8a-8107-443e-a24d-daf845d5b210,f6745f8a-8107-443e-8946-3e6329d20408,2021-06-29T12:10:58Z,68,M,,8.6,22.0,110.7,,,67.9,6.0,,,,,,4.6,138.2,,11.1,4,1
f6745f8a-8107-443e-a26f-34eef06e073a,f6745f8a-8107-443e-8946-3e6329d20408,2019-08-16T12:10:58Z,66,M,51.5,9.6,27.0,110.1,,,86.0,,,,,,,4.0,142.7,,7.7,1,1
f6745f8a-8107-443e-a475-020a8d299de5,f6745f8a-8107-443e-8946-3e6329d20408,2021-08-24T12:10:58Z,68,M,,9.4,28.9,107.0,,,73.2,6.3,,,,,,4.3,143.5,,19.6,2,1
f6745f8a-8107-443e-c8f2-de5663c4d7ca,f6745f8a-8107-443e-8946-3e6329d20408,2018-08-16T12:10:58Z,65,M,35.0,8.5,28.3,107.8,,,67.8,,,,,,,4.8,141.9,,10.0,2,1
f6745f8a-8107-443e-d52c-4d62d23fce8e,f6745f8a-8107-443e-8946-3e6329d20408,2017-08-01T12:10:58Z,64,M,,10.2,28.0,107.0,,,78.1,6.0,,,,,,4.7,142.4,,10.2,2,1
f6745f8a-8107-443e-dcf2-5f70e2a2369e,f6745f8a-8107-443e-8946-3e6329d20408,2017-08-16T12:10:58Z,64,M,56.6,8.7,24.2,105.5,,,71.8,,,,,,,4.2,137.3,,13.8,1,1
f6745f8a-8107-443e-eb62-d5141b7335a3,f6745f8a-8107-443e-8946-3e6329d20408,2024-09-10T12:10:58Z,71,M,,9.9,21.4,101.7,,,83.1,5.8,,,,,,4.3,138.0,,16.6,2,1
f6745f8a-8107-443e-ec75-7f98d40c4e75,f6745f8a-8107-443e-8946-3e6329d20408,2025-09-16T12:10:58Z,72,M,,9.0,21.5,101.9,5.2,,64.7,6.3,36.7,13.2,9.8,94.1,265.5,4.5,143.0,,11.6,5,1
f6745f8a-8107-443e-fd4a-52273d70dade,f6745f8a-8107-443e-8946-3e6329d20408,2022-02-01T12:10:58Z,69,M,,9.6,22.9,107.8,,,74.1,6.1,,,,,,4.5,143.5,,17.5,3,1
f6745f8a-8107-443e-fe7a-32b9fd330626,f6745f8a-8107-443e-8946-3e6329d20408,2022-09-06T12:10:58Z,69,M,50.8,9.6,26.9,104.6,,,74.7,,,,,,,4.6,140.5,,10.9,0,0
f67eaca3-2366-7ee2-5953-8a766ff348ad,f67eaca3-2366-7ee2-6887-a5bd449b54a6,2021-05-02T10:44:48Z,31,M,,9.8,21.5,109.6,,,92.4,6.4,,,,,,4.7,140.2,,14.9,3,1
f67eaca3-2366-7ee2-b442-d111ca4856ce,f67eaca3-2366-7ee2-6887-a5bd449b54a6,2024-05-05T10:44:48Z,34,M,,9.8,20.8,108.5,5.2,,66.9,6.3,46.8,17.3,10.3,85.1,282.9,4.6,140.2,,12.8,5,1
f67eaca3-2366-7ee2-fc60-fbf043b952bd,f67eaca3-2366-7ee2-6887-a5bd449b54a6,2018-04-29T10:44:48Z,28,M,,9.4,22.0,110.1,4.2,,93.0,6.2,46.4,16.0,6.9,90.9,234.1,5.2,138.1,,16.1,5,1
f870c432-0887-125e-25d9-4df1bdc8ff70,f870c432-0887-125e-f778-cf5110d3de1d,2021-09-16T02:20:33Z,52,M,57.5,9.4,21.0,109.9,,,90.8,,,,,,,5.2,141.1,,11.9,4,1
f870c432-0887-125e-267a-7a2c01670a07,f870c432-0887-125e-f778-cf5110d3de1d,2023-09-16T02:20:33Z,54,M,43.2,8.6,24.0,105.5,,,86.1,,,,,,,4.1,140.1,,12.8,0,0
f870c432-0887-125e-2acc-c9c0584b42bd,f870c432-0887-125e-f778-cf5110d3de1d,2025-09-24T02:20:33Z,56,M,,9.6,23.6,107.6,,,96.6,6.0,,,,,,3.7,142.8,,18.6,2,1
f870c432-0887-125e-2b3e-86611b389026,f870c432-0887-125e-f778-cf5110d3de1d,2023-09-13T02:20:33Z,54,M,,10.1,28.8,110.1,,,88.2,6.2,,,,,,3.9,140.5,,18.9,2,1
f870c432-0887-125e-457d-b6d5d6dc52af,f870c432-0887-125e-f778-cf5110d3de1d,2021-09-01T02:20:33Z,52,M,,,,,,,,6.0,,,,,,,,,,1,1
f870c432-0887-125e-4f0a-c9d6f0fe487d,f870c432-0887-125e-f778-cf5110d3de1d,2024-09-25T02:20:33Z,55,M,43.5,9.9,26.3,109.3,,,96.2,,,,,,,5.0,137.6,,16.4,1,1
f870c432-0887-125e-62fc-b3466dc0faa7,f870c432-0887-125e-f778-cf5110d3de1d,2021-08-25T02:20:33Z,52,M,,9.5,22.3,106.7,5.4,,92.6,5.9,48.1,15.7,3.7,88.9,260.7,3.8,136.3,,18.3,4,1
f870c432-0887-125e-63f1-7bf0366caece,f870c432-0887-125e-f778-cf5110d3de1d,2024-09-18T02:20:33Z,55,M,,9.1,25.4,104.2,,,98.7,6.1,,,,,,4.3,139.3,,17.6,1,1
f870c432-0887-125e-6431-dd81bdb5beb0,f870c432-0887-125e-f778-cf5110d3de1d,2022-09-16T02:20:33Z,53,M,35.3,9.6,21.9,101.7,,,81.1,,,,,,,4.4,139.1,,7.8,1,1
f870c432-0887-125e-7693-426296e98252,f870c432-0887-125e-f778-cf5110d3de1d,2019-08-21T02:20:33Z,50,M,,10.1,24.5,107.8,,,91.7,6.2,,,,,,3.9,141.9,,16.0,2,1
f870c432-0887-125e-79b7-e73ee42dee32,f870c432-0887-125e-f778-cf5110d3de1d,2020-08-26T02:20:33Z,51,M,29.9,9.4,23.6,109.8,,,71.6,6.3,,,,,,4.4,137.8,,18.4,2,1
f870c432-0887-125e-9363-0898ef2c1f06,f870c432-0887-125e-f778-cf5110d3de1d,2017-09-13T02:20:33Z,48,M,,9.5,27.9,102.4,,,83.4,6.0,,,,,,5.1,140.1,,11.5,2,1
f870c432-0887-125e-d547-16d4ec3a8843,f870c432-0887-125e-f778-cf5110d3de1d,2025-09-25T02:20:33Z,56,M,21.6,9.5,28.3,102.0,,,80.2,,,,,,,4.9,139.2,,19.1,0,0
f870c432-0887-125e-f6d4-e11cebe52b1c,f870c432-0887-125e-f778-cf5110d3de1d,2022-09-07T02:20:33Z,53,M,,9.1,22.6,108.1,,,71.5,6.1,,,,,,4.2,136.5,,19.4,3,1
fb56f051-a2cd-ac10-3049-48136cc82ea6,fb56f051-a2cd-ac10-dcb0-e0738295fc1f,1989-07-14T10:41:04Z,22,F,14.8,8.7,22.8,106.7,5.1,97.3,80.0,5.5,44.3,16.9,7.8,90.4,311.9,4.8,141.2,,9.3,4,1
fb56f051-a2cd-ac10-6296-d84faf79da1a,fb56f051-a2cd-ac10-dcb0-e0738295fc1f,1991-02-10T11:50:38Z,24,F,,10.1,25.1,107.9,,,87.5,,,,,,,5.2,137.6,,11.8,2,1
fb56f051-a2cd-ac10-9761-9b7dd1d885ff,fb56f051-a2cd-ac10-dcb0-e0738295fc1f,1989-02-25T10:41:04Z,22,F,,,,,5.2,,,,35.0,13.5,4.3,86.9,394.8,,,,,2,1
fb56f051-a2cd-ac10-9f71-ae441c6f7e45,fb56f051-a2cd-ac10-dcb0-e0738295fc1f,1990-07-27T11:10:29Z,23,F,18.5,9.6,22.1,105.5,5.0,49.6,72.0,5.6,39.4,17.1,4.3,80.3,208.4,4.2,136.6,,8.8,2,1
fb56f051-a2cd-ac10-aca6-d050c68e3b0f,fb56f051-a2cd-ac10-dcb0-e0738295fc1f,1989-08-01T11:10:29Z,22,F,,10.1,25.4,110.3,,,97.9,,,,,,,4.9,136.0,,7.6,1,1
fb56f051-a2cd-ac10-b841-bbca5c9e6bc9,fb56f051-a2cd-ac10-dcb0-e0738295fc1f,1990-01-28T11:10:29Z,23,F,,9.2,25.7,110.2,,,93.8,,,,,,,4.0,143.4,,8.3,1,1
fd0d7b3a-307d-07b8-02b0-b1a7ec1b26cb,fd0d7b3a-307d-07b8-9d7e-2424e1feb9e4,2023-08-15T23:29:08Z,59,M,,8.8,23.3,104.8,,,83.5,5.9,,,,,,4.5,143.1,,14.3,1,1
fd0d7b3a-307d-07b8-1961-663ddf7862c1,fd0d7b3a-307d-07b8-9d7e-2424e1feb9e4,2017-07-11T23:29:08Z,53,M,,9.8,21.5,109.1,,,90.0,6.1,,,,,,3.9,143.1,,13.8,3,1
fd0d7b3a-307d-07b8-25be-b60c4366a854,fd0d7b3a-307d-07b8-9d7e-2424e1feb9e4,2018-07-17T23:29:08Z,54,M,,9.2,23.5,104.1,,,80.1,5.9,,,,,,4.8,141.6,,11.8,1,1
fd0d7b3a-307d-07b8-3526-fb32458456ea,fd0d7b3a-307d-07b8-9d7e-2424e1feb9e4,2025-08-26T23:29:08Z,61,M,,9.0,23.5,109.8,,,70.6,6.2,,,,,,4.4,140.2,,16.0,2,1
fd0d7b3a-307d-07b8-7f2b-50eaa9166986,fd0d7b3a-307d-07b8-9d7e-2424e1feb9e4,2024-08-20T23:29:08Z,60,M,,10.0,25.9,107.8,,,77.0,5.8,,,,,,4.1,140.9,,18.2,2,1
fd0d7b3a-307d-07b8-8f62-4cc85b5c7f71,fd0d7b3a-307d-07b8-9d7e-2424e1feb9e4,2019-07-23T23:29:08Z,55,M,,9.6,21.1,106.1,,,76.1,6.1,,,,,,4.9,140.8,,12.3,3,1
fd0d7b3a-307d-07b8-e60b-1f3b95413888,fd0d7b3a-307d-07b8-9d7e-2424e1feb9e4,2021-08-03T23:29:08Z,57,M,,8.8,24.8,103.0,4.4,,91.5,5.9,43.9,16.4,6.2,80.4,338.9,5.1,141.6,,9.2,2,1
fd0d7b3a-307d-07b8-f530-701ddb092d39,fd0d7b3a-307d-07b8-9d7e-2424e1feb9e4,2020-07-28T23:29:08Z,56,M,,8.6,22.7,101.5,,,99.9,6.0,,,,,,3.7,138.5,,13.5,3,1
fd0d7b3a-307d-07b8-fad7-d8f2f17855aa,fd0d7b3a-307d-07b8-9d7e-2424e1feb9e4,2022-08-09T23:29:08Z,58,M,,9.8,25.4,108.8,,,79.1,6.0,,,,,,4.1,142.1,,10.9,2,1
